{
  "meta": {
    "data_version": "1.1.0",
    "created": "2025-04-24",
    "revision": 1
  },
  "info": {
    "balls_per_over": 6,
    "city": "Hyderabad",
    "dates": [
      "2025-04-23"
    ],
    "event": {
      "name": "Indian Premier League",
      "match_number": 41
    },
    "gender": "male",
    "match_type": "T20",
    "officials": {
      "match_referees": [
        "IR Siddiqui"
      ],
      "reserve_umpires": [
        "A Bengeri"
      ],
      "tv_umpires": [
        "CB Gaffaney"
      ],
      "umpires": [
        "J Madanagopal",
        "Vinod Seshan"
      ]
    },
    "outcome": {
      "winner": "Mumbai Indians",
      "by": {
        "wickets": 7
      }
    },
    "overs": 20,
    "player_of_match": [
      "TA Boult"
    ],
    "players": {
      "Sunrisers Hyderabad": [
        "TM Head",
        "Abhishek Sharma",
        "Ishan Kishan",
        "Nithish Kumar Reddy",
        "H Klaasen",
        "Aniket Verma",
        "A Manohar",
        "PJ Cummins",
        "HV Patel",
        "JD Unadkat",
        "Zeeshan Ansari",
        "E Malinga"
      ],
      "Mumbai Indians": [
        "V Puthur",
        "RD Rickelton",
        "RG Sharma",
        "WG Jacks",
        "SA Yadav",
        "Tilak Varma",
        "HH Pandya",
        "Naman Dhir",
        "MJ Santner",
        "DL Chahar",
        "TA Boult",
        "JJ Bumrah"
      ]
    },
    "registry": {
      "people": {
        "A Bengeri": "c109497d",
        "A Manohar": "0890552f",
        "Abhishek Sharma": "f29185a1",
        "Aniket Verma": "a3b0600d",
        "CB Gaffaney": "d5ac41d8",
        "DL Chahar": "23eeb873",
        "E Malinga": "5750bcb4",
        "H Klaasen": "235c2bb6",
        "HH Pandya": "dbe50b21",
        "HV Patel": "f986ca1a",
        "IR Siddiqui": "6436f803",
        "Ishan Kishan": "752f7486",
        "J Madanagopal": "8275b04a",
        "JD Unadkat": "1e66c162",
        "JJ Bumrah": "462411b3",
        "MJ Santner": "e4a0deae",
        "Naman Dhir": "fffa744b",
        "Nithish Kumar Reddy": "aad0c365",
        "PJ Cummins": "ded9240e",
        "RD Rickelton": "e66732f8",
        "RG Sharma": "740742ef",
        "SA Yadav": "271f83cd",
        "TA Boult": "a818c1be",
        "TM Head": "12b610c2",
        "Tilak Varma": "b0482a1d",
        "V Puthur": "1e030637",
        "Vinod Seshan": "a3357a27",
        "WG Jacks": "9caf69a1",
        "Zeeshan Ansari": "36619795"
      }
    },
    "season": "2025",
    "team_type": "club",
    "teams": [
      "Sunrisers Hyderabad",
      "Mumbai Indians"
    ],
    "toss": {
      "decision": "field",
      "winner": "Mumbai Indians"
    },
    "venue": "Rajiv Gandhi International Stadium, Uppal, Hyderabad"
  },
  "innings": [
    {
      "team": "Sunrisers Hyderabad",
      "overs": [
        {
          "over": 0,
          "deliveries": [
            {
              "batter": "TM Head",
              "bowler": "DL Chahar",
              "non_striker": "Abhishek Sharma",
              "runs": {
                "batter": 0,
                "extras": 0,
                "total": 0
              }
            },
            {
              "batter": "TM Head",
              "bowler": "DL Chahar",
              "extras": {
                "legbyes": 1
              },
              "non_striker": "Abhishek Sharma",
              "runs": {
                "batter": 0,
                "extras": 1,
                "total": 1
              }
            },
            {
              "batter": "Abhishek Sharma",
              "bowler": "DL Chahar",
              "extras": {
                "wides": 1
              },
              "non_striker": "TM Head",
              "runs": {
                "batter": 0,
                "extras": 1,
                "total": 1
              }
            },
            {
              "batter": "Abhishek Sharma",
              "bowler": "DL Chahar",
              "non_striker": "TM Head",
              "runs": {
                "batter": 0,
                "extras": 0,
                "total": 0
              }
            },
            {
              "batter": "Abhishek Sharma",
              "bowler": "DL Chahar",
              "non_striker": "TM Head",
              "runs": {
                "batter": 0,
                "extras": 0,
                "total": 0
              }
            },
            {
              "batter": "Abhishek Sharma",
              "bowler": "DL Chahar",
              "non_striker": "TM Head",
              "runs": {
                "batter": 0,
                "extras": 0,
                "total": 0
              }
            },
            {
              "batter": "Abhishek Sharma",
              "bowler": "DL Chahar",
              "non_striker": "TM Head",
              "runs": {
                "batter": 0,
                "extras": 0,
                "total": 0
              }
            }
          ]
        },
        {
          "over": 1,
          "deliveries": [
            {
              "batter": "TM Head",
              "bowler": "TA Boult",
              "non_striker": "Abhishek Sharma",
              "runs": {
                "batter": 0,
                "extras": 0,
                "total": 0
              }
            },
            {
              "batter": "TM Head",
              "bowler": "TA Boult",
              "non_striker": "Abhishek Sharma",
              "runs": {
                "batter": 0,
                "extras": 0,
                "total": 0
              },
              "wickets": [
                {
                  "player_out": "TM Head",
                  "fielders": [
                    {
                      "name": "Naman Dhir"
                    }
                  ],
                  "kind": "caught"
                }
              ]
            },
            {
              "batter": "Ishan Kishan",
              "bowler": "TA Boult",
              "non_striker": "Abhishek Sharma",
              "runs": {
                "batter": 0,
                "extras": 0,
                "total": 0
              }
            },
            {
              "batter": "Ishan Kishan",
              "bowler": "TA Boult",
              "non_striker": "Abhishek Sharma",
              "runs": {
                "batter": 0,
                "extras": 0,
                "total": 0
              }
            },
            {
              "batter": "Ishan Kishan",
              "bowler": "TA Boult",
              "non_striker": "Abhishek Sharma",
              "runs": {
                "batter": 1,
                "extras": 0,
                "total": 1
              }
            },
            {
              "batter": "Abhishek Sharma",
              "bowler": "TA Boult",
              "non_striker": "Ishan Kishan",
              "runs": {
                "batter": 6,
                "extras": 0,
                "total": 6
              }
            }
          ]
        },
        {
          "over": 2,
          "deliveries": [
            {
              "batter": "Ishan Kishan",
              "bowler": "DL Chahar",
              "non_striker": "Abhishek Sharma",
              "runs": {
                "batter": 0,
                "extras": 0,
                "total": 0
              },
              "wickets": [
                {
                  "player_out": "Ishan Kishan",
                  "fielders": [
                    {
                      "name": "RD Rickelton"
                    }
                  ],
                  "kind": "caught"
                }
              ]
            },
            {
              "batter": "Nithish Kumar Reddy",
              "bowler": "DL Chahar",
              "non_striker": "Abhishek Sharma",
              "runs": {
                "batter": 0,
                "extras": 0,
                "total": 0
              }
            },
            {
              "batter": "Nithish Kumar Reddy",
              "bowler": "DL Chahar",
              "non_striker": "Abhishek Sharma",
              "runs": {
                "batter": 0,
                "extras": 0,
                "total": 0
              }
            },
            {
              "batter": "Nithish Kumar Reddy",
              "bowler": "DL Chahar",
              "non_striker": "Abhishek Sharma",
              "runs": {
                "batter": 0,
                "extras": 0,
                "total": 0
              }
            },
            {
              "batter": "Nithish Kumar Reddy",
              "bowler": "DL Chahar",
              "non_striker": "Abhishek Sharma",
              "runs": {
                "batter": 1,
                "extras": 0,
                "total": 1
              }
            },
            {
              "batter": "Abhishek Sharma",
              "bowler": "DL Chahar",
              "non_striker": "Nithish Kumar Reddy",
              "runs": {
                "batter": 2,
                "extras": 0,
                "total": 2
              }
            }
          ]
        },
        {
          "over": 3,
          "deliveries": [
            {
              "batter": "Nithish Kumar Reddy",
              "bowler": "TA Boult",
              "non_striker": "Abhishek Sharma",
              "runs": {
                "batter": 1,
                "extras": 0,
                "total": 1
              }
            },
            {
              "batter": "Abhishek Sharma",
              "bowler": "TA Boult",
              "non_striker": "Nithish Kumar Reddy",
              "runs": {
                "batter": 0,
                "extras": 0,
                "total": 0
              }
            },
            {
              "batter": "Abhishek Sharma",
              "bowler": "TA Boult",
              "non_striker": "Nithish Kumar Reddy",
              "runs": {
                "batter": 0,
                "extras": 0,
                "total": 0
              },
              "wickets": [
                {
                  "player_out": "Abhishek Sharma",
                  "fielders": [
                    {
                      "name": "V Puthur"
                    }
                  ],
                  "kind": "caught"
                }
              ]
            },
            {
              "batter": "H Klaasen",
              "bowler": "TA Boult",
              "non_striker": "Nithish Kumar Reddy",
              "runs": {
                "batter": 0,
                "extras": 0,
                "total": 0
              }
            },
            {
              "batter": "H Klaasen",
              "bowler": "TA Boult",
              "non_striker": "Nithish Kumar Reddy",
              "runs": {
                "batter": 0,
                "extras": 0,
                "total": 0
              }
            },
            {
              "batter": "H Klaasen",
              "bowler": "TA Boult",
              "non_striker": "Nithish Kumar Reddy",
              "runs": {
                "batter": 0,
                "extras": 0,
                "total": 0
              }
            }
          ]
        },
        {
          "over": 4,
          "deliveries": [
            {
              "batter": "Nithish Kumar Reddy",
              "bowler": "DL Chahar",
              "non_striker": "H Klaasen",
              "runs": {
                "batter": 0,
                "extras": 0,
                "total": 0
              },
              "wickets": [
                {
                  "player_out": "Nithish Kumar Reddy",
                  "fielders": [
                    {
                      "name": "MJ Santner"
                    }
                  ],
                  "kind": "caught"
                }
              ]
            },
            {
              "batter": "Aniket Verma",
              "bowler": "DL Chahar",
              "non_striker": "H Klaasen",
              "runs": {
                "batter": 1,
                "extras": 0,
                "total": 1
              }
            },
            {
              "batter": "H Klaasen",
              "bowler": "DL Chahar",
              "non_striker": "Aniket Verma",
              "runs": {
                "batter": 0,
                "extras": 0,
                "total": 0
              }
            },
            {
              "batter": "H Klaasen",
              "bowler": "DL Chahar",
              "non_striker": "Aniket Verma",
              "runs": {
                "batter": 1,
                "extras": 0,
                "total": 1
              }
            },
            {
              "batter": "Aniket Verma",
              "bowler": "DL Chahar",
              "non_striker": "H Klaasen",
              "runs": {
                "batter": 0,
                "extras": 0,
                "total": 0
              }
            },
            {
              "batter": "Aniket Verma",
              "bowler": "DL Chahar",
              "non_striker": "H Klaasen",
              "runs": {
                "batter": 0,
                "extras": 0,
                "total": 0
              }
            }
          ]
        },
        {
          "over": 5,
          "deliveries": [
            {
              "batter": "H Klaasen",
              "bowler": "JJ Bumrah",
              "non_striker": "Aniket Verma",
              "runs": {
                "batter": 0,
                "extras": 0,
                "total": 0
              }
            },
            {
              "batter": "H Klaasen",
              "bowler": "JJ Bumrah",
              "non_striker": "Aniket Verma",
              "runs": {
                "batter": 1,
                "extras": 0,
                "total": 1
              }
            },
            {
              "batter": "Aniket Verma",
              "bowler": "JJ Bumrah",
              "non_striker": "H Klaasen",
              "runs": {
                "batter": 0,
                "extras": 0,
                "total": 0
              }
            },
            {
              "batter": "Aniket Verma",
              "bowler": "JJ Bumrah",
              "non_striker": "H Klaasen",
              "runs": {
                "batter": 4,
                "extras": 0,
                "total": 4
              }
            },
            {
              "batter": "Aniket Verma",
              "bowler": "JJ Bumrah",
              "non_striker": "H Klaasen",
              "runs": {
                "batter": 2,
                "extras": 0,
                "total": 2
              }
            },
            {
              "batter": "Aniket Verma",
              "bowler": "JJ Bumrah",
              "non_striker": "H Klaasen",
              "runs": {
                "batter": 2,
                "extras": 0,
                "total": 2
              }
            }
          ]
        },
        {
          "over": 6,
          "deliveries": [
            {
              "batter": "H Klaasen",
              "bowler": "DL Chahar",
              "non_striker": "Aniket Verma",
              "runs": {
                "batter": 0,
                "extras": 0,
                "total": 0
              }
            },
            {
              "batter": "H Klaasen",
              "bowler": "DL Chahar",
              "non_striker": "Aniket Verma",
              "runs": {
                "batter": 4,
                "extras": 0,
                "total": 4
              }
            },
            {
              "batter": "H Klaasen",
              "bowler": "DL Chahar",
              "non_striker": "Aniket Verma",
              "runs": {
                "batter": 0,
                "extras": 0,
                "total": 0
              }
            },
            {
              "batter": "H Klaasen",
              "bowler": "DL Chahar",
              "non_striker": "Aniket Verma",
              "runs": {
                "batter": 0,
                "extras": 0,
                "total": 0
              }
            },
            {
              "batter": "H Klaasen",
              "bowler": "DL Chahar",
              "non_striker": "Aniket Verma",
              "runs": {
                "batter": 1,
                "extras": 0,
                "total": 1
              }
            },
            {
              "batter": "Aniket Verma",
              "bowler": "DL Chahar",
              "non_striker": "H Klaasen",
              "runs": {
                "batter": 1,
                "extras": 0,
                "total": 1
              }
            }
          ]
        },
        {
          "over": 7,
          "deliveries": [
            {
              "batter": "Aniket Verma",
              "bowler": "MJ Santner",
              "non_striker": "H Klaasen",
              "runs": {
                "batter": 0,
                "extras": 0,
                "total": 0
              }
            },
            {
              "batter": "Aniket Verma",
              "bowler": "MJ Santner",
              "non_striker": "H Klaasen",
              "runs": {
                "batter": 1,
                "extras": 0,
                "total": 1
              }
            },
            {
              "batter": "H Klaasen",
              "bowler": "MJ Santner",
              "non_striker": "Aniket Verma",
              "runs": {
                "batter": 2,
                "extras": 0,
                "total": 2
              }
            },
            {
              "batter": "H Klaasen",
              "bowler": "MJ Santner",
              "non_striker": "Aniket Verma",
              "runs": {
                "batter": 0,
                "extras": 0,
                "total": 0
              }
            },
            {
              "batter": "H Klaasen",
              "bowler": "MJ Santner",
              "non_striker": "Aniket Verma",
              "runs": {
                "batter": 1,
                "extras": 0,
                "total": 1
              }
            },
            {
              "batter": "Aniket Verma",
              "bowler": "MJ Santner",
              "non_striker": "H Klaasen",
              "runs": {
                "batter": 1,
                "extras": 0,
                "total": 1
              }
            }
          ]
        },
        {
          "over": 8,
          "deliveries": [
            {
              "batter": "Aniket Verma",
              "bowler": "HH Pandya",
              "non_striker": "H Klaasen",
              "runs": {
                "batter": 0,
                "extras": 0,
                "total": 0
              }
            },
            {
              "batter": "Aniket Verma",
              "bowler": "HH Pandya",
              "non_striker": "H Klaasen",
              "runs": {
                "batter": 0,
                "extras": 0,
                "total": 0
              }
            },
            {
              "batter": "Aniket Verma",
              "bowler": "HH Pandya",
              "non_striker": "H Klaasen",
              "runs": {
                "batter": 0,
                "extras": 0,
                "total": 0
              },
              "wickets": [
                {
                  "player_out": "Aniket Verma",
                  "fielders": [
                    {
                      "name": "RD Rickelton"
                    }
                  ],
                  "kind": "caught"
                }
              ]
            },
            {
              "batter": "A Manohar",
              "bowler": "HH Pandya",
              "non_striker": "H Klaasen",
              "replacements": {
                "match": [
                  {
                    "in": "A Manohar",
                    "out": "TM Head",
                    "team": "Sunrisers Hyderabad",
                    "reason": "impact_player"
                  }
                ]
              },
              "runs": {
                "batter": 0,
                "extras": 0,
                "total": 0
              }
            },
            {
              "batter": "A Manohar",
              "bowler": "HH Pandya",
              "non_striker": "H Klaasen",
              "runs": {
                "batter": 1,
                "extras": 0,
                "total": 1
              }
            },
            {
              "batter": "H Klaasen",
              "bowler": "HH Pandya",
              "non_striker": "A Manohar",
              "runs": {
                "batter": 1,
                "extras": 0,
                "total": 1
              }
            }
          ]
        },
        {
          "over": 9,
          "deliveries": [
            {
              "batter": "H Klaasen",
              "bowler": "V Puthur",
              "non_striker": "A Manohar",
              "runs": {
                "batter": 6,
                "extras": 0,
                "total": 6
              }
            },
            {
              "batter": "H Klaasen",
              "bowler": "V Puthur",
              "non_striker": "A Manohar",
              "runs": {
                "batter": 4,
                "extras": 0,
                "total": 4
              }
            },
            {
              "batter": "H Klaasen",
              "bowler": "V Puthur",
              "non_striker": "A Manohar",
              "runs": {
                "batter": 0,
                "extras": 0,
                "total": 0
              }
            },
            {
              "batter": "H Klaasen",
              "bowler": "V Puthur",
              "non_striker": "A Manohar",
              "runs": {
                "batter": 4,
                "extras": 0,
                "total": 4
              }
            },
            {
              "batter": "H Klaasen",
              "bowler": "V Puthur",
              "non_striker": "A Manohar",
              "runs": {
                "batter": 0,
                "extras": 0,
                "total": 0
              }
            },
            {
              "batter": "H Klaasen",
              "bowler": "V Puthur",
              "non_striker": "A Manohar",
              "runs": {
                "batter": 1,
                "extras": 0,
                "total": 1
              }
            }
          ]
        },
        {
          "over": 10,
          "deliveries": [
            {
              "batter": "H Klaasen",
              "bowler": "HH Pandya",
              "extras": {
                "wides": 1
              },
              "non_striker": "A Manohar",
              "runs": {
                "batter": 0,
                "extras": 1,
                "total": 1
              }
            },
            {
              "batter": "H Klaasen",
              "bowler": "HH Pandya",
              "non_striker": "A Manohar",
              "runs": {
                "batter": 4,
                "extras": 0,
                "total": 4
              }
            },
            {
              "batter": "H Klaasen",
              "bowler": "HH Pandya",
              "non_striker": "A Manohar",
              "runs": {
                "batter": 0,
                "extras": 0,
                "total": 0
              }
            },
            {
              "batter": "H Klaasen",
              "bowler": "HH Pandya",
              "non_striker": "A Manohar",
              "runs": {
                "batter": 4,
                "extras": 0,
                "total": 4
              }
            },
            {
              "batter": "H Klaasen",
              "bowler": "HH Pandya",
              "non_striker": "A Manohar",
              "runs": {
                "batter": 2,
                "extras": 0,
                "total": 2
              }
            },
            {
              "batter": "H Klaasen",
              "bowler": "HH Pandya",
              "non_striker": "A Manohar",
              "runs": {
                "batter": 4,
                "extras": 0,
                "total": 4
              }
            },
            {
              "batter": "H Klaasen",
              "bowler": "HH Pandya",
              "non_striker": "A Manohar",
              "runs": {
                "batter": 1,
                "extras": 0,
                "total": 1
              }
            }
          ]
        },
        {
          "over": 11,
          "deliveries": [
            {
              "batter": "H Klaasen",
              "bowler": "MJ Santner",
              "non_striker": "A Manohar",
              "runs": {
                "batter": 1,
                "extras": 0,
                "total": 1
              }
            },
            {
              "batter": "A Manohar",
              "bowler": "MJ Santner",
              "non_striker": "H Klaasen",
              "runs": {
                "batter": 0,
                "extras": 0,
                "total": 0
              }
            },
            {
              "batter": "A Manohar",
              "bowler": "MJ Santner",
              "non_striker": "H Klaasen",
              "runs": {
                "batter": 0,
                "extras": 0,
                "total": 0
              }
            },
            {
              "batter": "A Manohar",
              "bowler": "MJ Santner",
              "non_striker": "H Klaasen",
              "runs": {
                "batter": 0,
                "extras": 0,
                "total": 0
              }
            },
            {
              "batter": "A Manohar",
              "bowler": "MJ Santner",
              "non_striker": "H Klaasen",
              "runs": {
                "batter": 0,
                "extras": 0,
                "total": 0
              }
            },
            {
              "batter": "A Manohar",
              "bowler": "MJ Santner",
              "non_striker": "H Klaasen",
              "runs": {
                "batter": 0,
                "extras": 0,
                "total": 0
              }
            }
          ]
        },
        {
          "over": 12,
          "deliveries": [
            {
              "batter": "H Klaasen",
              "bowler": "JJ Bumrah",
              "non_striker": "A Manohar",
              "runs": {
                "batter": 1,
                "extras": 0,
                "total": 1
              }
            },
            {
              "batter": "A Manohar",
              "bowler": "JJ Bumrah",
              "non_striker": "H Klaasen",
              "runs": {
                "batter": 6,
                "extras": 0,
                "total": 6
              }
            },
            {
              "batter": "A Manohar",
              "bowler": "JJ Bumrah",
              "non_striker": "H Klaasen",
              "runs": {
                "batter": 0,
                "extras": 0,
                "total": 0
              }
            },
            {
              "batter": "A Manohar",
              "bowler": "JJ Bumrah",
              "non_striker": "H Klaasen",
              "runs": {
                "batter": 0,
                "extras": 0,
                "total": 0
              }
            },
            {
              "batter": "A Manohar",
              "bowler": "JJ Bumrah",
              "non_striker": "H Klaasen",
              "runs": {
                "batter": 0,
                "extras": 0,
                "total": 0
              }
            },
            {
              "batter": "A Manohar",
              "bowler": "JJ Bumrah",
              "non_striker": "H Klaasen",
              "runs": {
                "batter": 1,
                "extras": 0,
                "total": 1
              }
            }
          ]
        },
        {
          "over": 13,
          "deliveries": [
            {
              "batter": "A Manohar",
              "bowler": "MJ Santner",
              "non_striker": "H Klaasen",
              "runs": {
                "batter": 0,
                "extras": 0,
                "total": 0
              }
            },
            {
              "batter": "A Manohar",
              "bowler": "MJ Santner",
              "non_striker": "H Klaasen",
              "runs": {
                "batter": 1,
                "extras": 0,
                "total": 1
              }
            },
            {
              "batter": "H Klaasen",
              "bowler": "MJ Santner",
              "non_striker": "A Manohar",
              "runs": {
                "batter": 1,
                "extras": 0,
                "total": 1
              }
            },
            {
              "batter": "A Manohar",
              "bowler": "MJ Santner",
              "non_striker": "H Klaasen",
              "runs": {
                "batter": 0,
                "extras": 0,
                "total": 0
              }
            },
            {
              "batter": "A Manohar",
              "bowler": "MJ Santner",
              "non_striker": "H Klaasen",
              "runs": {
                "batter": 1,
                "extras": 0,
                "total": 1
              }
            },
            {
              "batter": "H Klaasen",
              "bowler": "MJ Santner",
              "non_striker": "A Manohar",
              "runs": {
                "batter": 1,
                "extras": 0,
                "total": 1
              }
            }
          ]
        },
        {
          "over": 14,
          "deliveries": [
            {
              "batter": "H Klaasen",
              "bowler": "TA Boult",
              "non_striker": "A Manohar",
              "runs": {
                "batter": 4,
                "extras": 0,
                "total": 4
              }
            },
            {
              "batter": "H Klaasen",
              "bowler": "TA Boult",
              "extras": {
                "wides": 1
              },
              "non_striker": "A Manohar",
              "runs": {
                "batter": 0,
                "extras": 1,
                "total": 1
              }
            },
            {
              "batter": "H Klaasen",
              "bowler": "TA Boult",
              "non_striker": "A Manohar",
              "runs": {
                "batter": 1,
                "extras": 0,
                "total": 1
              }
            },
            {
              "batter": "A Manohar",
              "bowler": "TA Boult",
              "non_striker": "H Klaasen",
              "runs": {
                "batter": 0,
                "extras": 0,
                "total": 0
              }
            },
            {
              "batter": "A Manohar",
              "bowler": "TA Boult",
              "non_striker": "H Klaasen",
              "runs": {
                "batter": 1,
                "extras": 0,
                "total": 1
              }
            },
            {
              "batter": "H Klaasen",
              "bowler": "TA Boult",
              "non_striker": "A Manohar",
              "runs": {
                "batter": 1,
                "extras": 0,
                "total": 1
              }
            },
            {
              "batter": "A Manohar",
              "bowler": "TA Boult",
              "non_striker": "H Klaasen",
              "runs": {
                "batter": 1,
                "extras": 0,
                "total": 1
              }
            }
          ]
        },
        {
          "over": 15,
          "deliveries": [
            {
              "batter": "A Manohar",
              "bowler": "MJ Santner",
              "non_striker": "H Klaasen",
              "runs": {
                "batter": 1,
                "extras": 0,
                "total": 1
              }
            },
            {
              "batter": "H Klaasen",
              "bowler": "MJ Santner",
              "non_striker": "A Manohar",
              "runs": {
                "batter": 1,
                "extras": 0,
                "total": 1
              }
            },
            {
              "batter": "A Manohar",
              "bowler": "MJ Santner",
              "non_striker": "H Klaasen",
              "runs": {
                "batter": 1,
                "extras": 0,
                "total": 1
              }
            },
            {
              "batter": "H Klaasen",
              "bowler": "MJ Santner",
              "non_striker": "A Manohar",
              "runs": {
                "batter": 4,
                "extras": 0,
                "total": 4
              }
            },
            {
              "batter": "H Klaasen",
              "bowler": "MJ Santner",
              "non_striker": "A Manohar",
              "runs": {
                "batter": 1,
                "extras": 0,
                "total": 1
              }
            },
            {
              "batter": "A Manohar",
              "bowler": "MJ Santner",
              "non_striker": "H Klaasen",
              "runs": {
                "batter": 1,
                "extras": 0,
                "total": 1
              }
            }
          ]
        },
        {
          "over": 16,
          "deliveries": [
            {
              "batter": "A Manohar",
              "bowler": "JJ Bumrah",
              "non_striker": "H Klaasen",
              "replacements": {
                "match": [
                  {
                    "in": "RG Sharma",
                    "out": "V Puthur",
                    "team": "Mumbai Indians",
                    "reason": "impact_player"
                  }
                ]
              },
              "runs": {
                "batter": 4,
                "extras": 0,
                "total": 4
              }
            },
            {
              "batter": "A Manohar",
              "bowler": "JJ Bumrah",
              "non_striker": "H Klaasen",
              "runs": {
                "batter": 1,
                "extras": 0,
                "total": 1
              }
            },
            {
              "batter": "H Klaasen",
              "bowler": "JJ Bumrah",
              "non_striker": "A Manohar",
              "runs": {
                "batter": 4,
                "extras": 0,
                "total": 4
              }
            },
            {
              "batter": "H Klaasen",
              "bowler": "JJ Bumrah",
              "non_striker": "A Manohar",
              "runs": {
                "batter": 1,
                "extras": 0,
                "total": 1
              }
            },
            {
              "batter": "A Manohar",
              "bowler": "JJ Bumrah",
              "non_striker": "H Klaasen",
              "runs": {
                "batter": 0,
                "extras": 0,
                "total": 0
              }
            },
            {
              "batter": "A Manohar",
              "bowler": "JJ Bumrah",
              "non_striker": "H Klaasen",
              "runs": {
                "batter": 1,
                "extras": 0,
                "total": 1
              }
            }
          ]
        },
        {
          "over": 17,
          "deliveries": [
            {
              "batter": "A Manohar",
              "bowler": "HH Pandya",
              "non_striker": "H Klaasen",
              "runs": {
                "batter": 0,
                "extras": 0,
                "total": 0
              }
            },
            {
              "batter": "A Manohar",
              "bowler": "HH Pandya",
              "non_striker": "H Klaasen",
              "runs": {
                "batter": 6,
                "extras": 0,
                "total": 6
              }
            },
            {
              "batter": "A Manohar",
              "bowler": "HH Pandya",
              "non_striker": "H Klaasen",
              "runs": {
                "batter": 1,
                "extras": 0,
                "total": 1
              }
            },
            {
              "batter": "H Klaasen",
              "bowler": "HH Pandya",
              "non_striker": "A Manohar",
              "runs": {
                "batter": 1,
                "extras": 0,
                "total": 1
              }
            },
            {
              "batter": "A Manohar",
              "bowler": "HH Pandya",
              "non_striker": "H Klaasen",
              "runs": {
                "batter": 4,
                "extras": 0,
                "total": 4
              }
            },
            {
              "batter": "A Manohar",
              "bowler": "HH Pandya",
              "non_striker": "H Klaasen",
              "runs": {
                "batter": 1,
                "extras": 0,
                "total": 1
              }
            }
          ]
        },
        {
          "over": 18,
          "deliveries": [
            {
              "batter": "A Manohar",
              "bowler": "JJ Bumrah",
              "non_striker": "H Klaasen",
              "runs": {
                "batter": 0,
                "extras": 0,
                "total": 0
              }
            },
            {
              "batter": "A Manohar",
              "bowler": "JJ Bumrah",
              "non_striker": "H Klaasen",
              "runs": {
                "batter": 2,
                "extras": 0,
                "total": 2
              }
            },
            {
              "batter": "A Manohar",
              "bowler": "JJ Bumrah",
              "non_striker": "H Klaasen",
              "runs": {
                "batter": 1,
                "extras": 0,
                "total": 1
              }
            },
            {
              "batter": "H Klaasen",
              "bowler": "JJ Bumrah",
              "non_striker": "A Manohar",
              "runs": {
                "batter": 2,
                "extras": 0,
                "total": 2
              }
            },
            {
              "batter": "H Klaasen",
              "bowler": "JJ Bumrah",
              "non_striker": "A Manohar",
              "runs": {
                "batter": 6,
                "extras": 0,
                "total": 6
              }
            },
            {
              "batter": "H Klaasen",
              "bowler": "JJ Bumrah",
              "non_striker": "A Manohar",
              "runs": {
                "batter": 0,
                "extras": 0,
                "total": 0
              },
              "wickets": [
                {
                  "player_out": "H Klaasen",
                  "fielders": [
                    {
                      "name": "Tilak Varma"
                    }
                  ],
                  "kind": "caught"
                }
              ]
            }
          ]
        },
        {
          "over": 19,
          "deliveries": [
            {
              "batter": "A Manohar",
              "bowler": "TA Boult",
              "non_striker": "PJ Cummins",
              "runs": {
                "batter": 6,
                "extras": 0,
                "total": 6
              }
            },
            {
              "batter": "A Manohar",
              "bowler": "TA Boult",
              "non_striker": "PJ Cummins",
              "runs": {
                "batter": 1,
                "extras": 0,
                "total": 1
              }
            },
            {
              "batter": "PJ Cummins",
              "bowler": "TA Boult",
              "non_striker": "A Manohar",
              "runs": {
                "batter": 1,
                "extras": 0,
                "total": 1
              }
            },
            {
              "batter": "A Manohar",
              "bowler": "TA Boult",
              "non_striker": "PJ Cummins",
              "runs": {
                "batter": 0,
                "extras": 0,
                "total": 0
              },
              "wickets": [
                {
                  "player_out": "A Manohar",
                  "kind": "hit wicket"
                }
              ]
            },
            {
              "batter": "HV Patel",
              "bowler": "TA Boult",
              "non_striker": "PJ Cummins",
              "runs": {
                "batter": 1,
                "extras": 0,
                "total": 1
              }
            },
            {
              "batter": "PJ Cummins",
              "bowler": "TA Boult",
              "non_striker": "HV Patel",
              "runs": {
                "batter": 0,
                "extras": 0,
                "total": 0
              },
              "wickets": [
                {
                  "player_out": "PJ Cummins",
                  "kind": "bowled"
                }
              ]
            }
          ]
        }
      ],
      "powerplays": [
        {
          "from": 0.1,
          "to": 5.6,
          "type": "mandatory"
        }
      ]
    },
    {
      "team": "Mumbai Indians",
      "overs": [
        {
          "over": 0,
          "deliveries": [
            {
              "batter": "RD Rickelton",
              "bowler": "PJ Cummins",
              "non_striker": "RG Sharma",
              "runs": {
                "batter": 0,
                "extras": 0,
                "total": 0
              }
            },
            {
              "batter": "RD Rickelton",
              "bowler": "PJ Cummins",
              "non_striker": "RG Sharma",
              "runs": {
                "batter": 4,
                "extras": 0,
                "total": 4
              }
            },
            {
              "batter": "RD Rickelton",
              "bowler": "PJ Cummins",
              "non_striker": "RG Sharma",
              "runs": {
                "batter": 0,
                "extras": 0,
                "total": 0
              }
            },
            {
              "batter": "RD Rickelton",
              "bowler": "PJ Cummins",
              "non_striker": "RG Sharma",
              "runs": {
                "batter": 2,
                "extras": 0,
                "total": 2
              }
            },
            {
              "batter": "RD Rickelton",
              "bowler": "PJ Cummins",
              "non_striker": "RG Sharma",
              "runs": {
                "batter": 1,
                "extras": 0,
                "total": 1
              }
            },
            {
              "batter": "RG Sharma",
              "bowler": "PJ Cummins",
              "non_striker": "RD Rickelton",
              "runs": {
                "batter": 1,
                "extras": 0,
                "total": 1
              }
            }
          ]
        },
        {
          "over": 1,
          "deliveries": [
            {
              "batter": "RG Sharma",
              "bowler": "JD Unadkat",
              "non_striker": "RD Rickelton",
              "runs": {
                "batter": 1,
                "extras": 0,
                "total": 1
              }
            },
            {
              "batter": "RD Rickelton",
              "bowler": "JD Unadkat",
              "non_striker": "RG Sharma",
              "runs": {
                "batter": 4,
                "extras": 0,
                "total": 4
              }
            },
            {
              "batter": "RD Rickelton",
              "bowler": "JD Unadkat",
              "non_striker": "RG Sharma",
              "runs": {
                "batter": 0,
                "extras": 0,
                "total": 0
              }
            },
            {
              "batter": "RD Rickelton",
              "bowler": "JD Unadkat",
              "non_striker": "RG Sharma",
              "runs": {
                "batter": 0,
                "extras": 0,
                "total": 0
              },
              "wickets": [
                {
                  "player_out": "RD Rickelton",
                  "kind": "caught and bowled"
                }
              ]
            },
            {
              "batter": "WG Jacks",
              "bowler": "JD Unadkat",
              "non_striker": "RG Sharma",
              "runs": {
                "batter": 0,
                "extras": 0,
                "total": 0
              }
            },
            {
              "batter": "WG Jacks",
              "bowler": "JD Unadkat",
              "non_striker": "RG Sharma",
              "runs": {
                "batter": 0,
                "extras": 0,
                "total": 0
              }
            }
          ]
        },
        {
          "over": 2,
          "deliveries": [
            {
              "batter": "RG Sharma",
              "bowler": "PJ Cummins",
              "non_striker": "WG Jacks",
              "runs": {
                "batter": 0,
                "extras": 0,
                "total": 0
              }
            },
            {
              "batter": "RG Sharma",
              "bowler": "PJ Cummins",
              "non_striker": "WG Jacks",
              "runs": {
                "batter": 6,
                "extras": 0,
                "total": 6
              }
            },
            {
              "batter": "RG Sharma",
              "bowler": "PJ Cummins",
              "non_striker": "WG Jacks",
              "runs": {
                "batter": 4,
                "extras": 0,
                "total": 4
              }
            },
            {
              "batter": "RG Sharma",
              "bowler": "PJ Cummins",
              "non_striker": "WG Jacks",
              "runs": {
                "batter": 1,
                "extras": 0,
                "total": 1
              }
            },
            {
              "batter": "WG Jacks",
              "bowler": "PJ Cummins",
              "non_striker": "RG Sharma",
              "runs": {
                "batter": 0,
                "extras": 0,
                "total": 0
              }
            },
            {
              "batter": "WG Jacks",
              "bowler": "PJ Cummins",
              "non_striker": "RG Sharma",
              "runs": {
                "batter": 6,
                "extras": 0,
                "total": 6
              }
            }
          ]
        },
        {
          "over": 3,
          "deliveries": [
            {
              "batter": "RG Sharma",
              "bowler": "JD Unadkat",
              "non_striker": "WG Jacks",
              "runs": {
                "batter": 4,
                "extras": 0,
                "total": 4
              }
            },
            {
              "batter": "RG Sharma",
              "bowler": "JD Unadkat",
              "non_striker": "WG Jacks",
              "runs": {
                "batter": 0,
                "extras": 0,
                "total": 0
              }
            },
            {
              "batter": "RG Sharma",
              "bowler": "JD Unadkat",
              "non_striker": "WG Jacks",
              "runs": {
                "batter": 1,
                "extras": 0,
                "total": 1
              }
            },
            {
              "batter": "WG Jacks",
              "bowler": "JD Unadkat",
              "non_striker": "RG Sharma",
              "runs": {
                "batter": 1,
                "extras": 0,
                "total": 1
              }
            },
            {
              "batter": "RG Sharma",
              "bowler": "JD Unadkat",
              "non_striker": "WG Jacks",
              "runs": {
                "batter": 6,
                "extras": 0,
                "total": 6
              }
            },
            {
              "batter": "RG Sharma",
              "bowler": "JD Unadkat",
              "non_striker": "WG Jacks",
              "runs": {
                "batter": 1,
                "extras": 0,
                "total": 1
              }
            }
          ]
        },
        {
          "over": 4,
          "deliveries": [
            {
              "batter": "RG Sharma",
              "bowler": "HV Patel",
              "non_striker": "WG Jacks",
              "runs": {
                "batter": 0,
                "extras": 0,
                "total": 0
              }
            },
            {
              "batter": "RG Sharma",
              "bowler": "HV Patel",
              "non_striker": "WG Jacks",
              "runs": {
                "batter": 0,
                "extras": 0,
                "total": 0
              }
            },
            {
              "batter": "RG Sharma",
              "bowler": "HV Patel",
              "non_striker": "WG Jacks",
              "runs": {
                "batter": 1,
                "extras": 0,
                "total": 1
              }
            },
            {
              "batter": "WG Jacks",
              "bowler": "HV Patel",
              "non_striker": "RG Sharma",
              "runs": {
                "batter": 0,
                "extras": 0,
                "total": 0
              }
            },
            {
              "batter": "WG Jacks",
              "bowler": "HV Patel",
              "non_striker": "RG Sharma",
              "runs": {
                "batter": 1,
                "extras": 0,
                "total": 1
              }
            },
            {
              "batter": "RG Sharma",
              "bowler": "HV Patel",
              "non_striker": "WG Jacks",
              "runs": {
                "batter": 0,
                "extras": 0,
                "total": 0
              }
            }
          ]
        },
        {
          "over": 5,
          "deliveries": [
            {
              "batter": "WG Jacks",
              "bowler": "E Malinga",
              "non_striker": "RG Sharma",
              "runs": {
                "batter": 4,
                "extras": 0,
                "total": 4
              }
            },
            {
              "batter": "WG Jacks",
              "bowler": "E Malinga",
              "non_striker": "RG Sharma",
              "runs": {
                "batter": 4,
                "extras": 0,
                "total": 4
              }
            },
            {
              "batter": "WG Jacks",
              "bowler": "E Malinga",
              "non_striker": "RG Sharma",
              "runs": {
                "batter": 0,
                "extras": 0,
                "total": 0
              }
            },
            {
              "batter": "WG Jacks",
              "bowler": "E Malinga",
              "non_striker": "RG Sharma",
              "runs": {
                "batter": 1,
                "extras": 0,
                "total": 1
              }
            },
            {
              "batter": "RG Sharma",
              "bowler": "E Malinga",
              "non_striker": "WG Jacks",
              "runs": {
                "batter": 1,
                "extras": 0,
                "total": 1
              }
            },
            {
              "batter": "WG Jacks",
              "bowler": "E Malinga",
              "non_striker": "RG Sharma",
              "runs": {
                "batter": 1,
                "extras": 0,
                "total": 1
              }
            }
          ]
        },
        {
          "over": 6,
          "deliveries": [
            {
              "batter": "WG Jacks",
              "bowler": "HV Patel",
              "non_striker": "RG Sharma",
              "runs": {
                "batter": 1,
                "extras": 0,
                "total": 1
              }
            },
            {
              "batter": "RG Sharma",
              "bowler": "HV Patel",
              "non_striker": "WG Jacks",
              "runs": {
                "batter": 1,
                "extras": 0,
                "total": 1
              }
            },
            {
              "batter": "WG Jacks",
              "bowler": "HV Patel",
              "non_striker": "RG Sharma",
              "runs": {
                "batter": 1,
                "extras": 0,
                "total": 1
              }
            },
            {
              "batter": "RG Sharma",
              "bowler": "HV Patel",
              "non_striker": "WG Jacks",
              "runs": {
                "batter": 0,
                "extras": 0,
                "total": 0
              }
            },
            {
              "batter": "RG Sharma",
              "bowler": "HV Patel",
              "non_striker": "WG Jacks",
              "runs": {
                "batter": 0,
                "extras": 0,
                "total": 0
              }
            },
            {
              "batter": "RG Sharma",
              "bowler": "HV Patel",
              "non_striker": "WG Jacks",
              "runs": {
                "batter": 1,
                "extras": 0,
                "total": 1
              }
            }
          ]
        },
        {
          "over": 7,
          "deliveries": [
            {
              "batter": "RG Sharma",
              "bowler": "Zeeshan Ansari",
              "non_striker": "WG Jacks",
              "runs": {
                "batter": 0,
                "extras": 0,
                "total": 0
              }
            },
            {
              "batter": "RG Sharma",
              "bowler": "Zeeshan Ansari",
              "non_striker": "WG Jacks",
              "runs": {
                "batter": 6,
                "extras": 0,
                "total": 6
              }
            },
            {
              "batter": "RG Sharma",
              "bowler": "Zeeshan Ansari",
              "non_striker": "WG Jacks",
              "runs": {
                "batter": 1,
                "extras": 0,
                "total": 1
              }
            },
            {
              "batter": "WG Jacks",
              "bowler": "Zeeshan Ansari",
              "non_striker": "RG Sharma",
              "runs": {
                "batter": 0,
                "extras": 0,
                "total": 0
              }
            },
            {
              "batter": "WG Jacks",
              "bowler": "Zeeshan Ansari",
              "non_striker": "RG Sharma",
              "runs": {
                "batter": 1,
                "extras": 0,
                "total": 1
              }
            },
            {
              "batter": "RG Sharma",
              "bowler": "Zeeshan Ansari",
              "non_striker": "WG Jacks",
              "runs": {
                "batter": 1,
                "extras": 0,
                "total": 1
              }
            }
          ]
        },
        {
          "over": 8,
          "deliveries": [
            {
              "batter": "RG Sharma",
              "bowler": "JD Unadkat",
              "non_striker": "WG Jacks",
              "runs": {
                "batter": 1,
                "extras": 0,
                "total": 1
              }
            },
            {
              "batter": "WG Jacks",
              "bowler": "JD Unadkat",
              "non_striker": "RG Sharma",
              "runs": {
                "batter": 1,
                "extras": 0,
                "total": 1
              }
            },
            {
              "batter": "RG Sharma",
              "bowler": "JD Unadkat",
              "non_striker": "WG Jacks",
              "runs": {
                "batter": 0,
                "extras": 0,
                "total": 0
              }
            },
            {
              "batter": "RG Sharma",
              "bowler": "JD Unadkat",
              "non_striker": "WG Jacks",
              "runs": {
                "batter": 4,
                "extras": 0,
                "total": 4
              }
            },
            {
              "batter": "RG Sharma",
              "bowler": "JD Unadkat",
              "non_striker": "WG Jacks",
              "runs": {
                "batter": 1,
                "extras": 0,
                "total": 1
              }
            },
            {
              "batter": "WG Jacks",
              "bowler": "JD Unadkat",
              "non_striker": "RG Sharma",
              "runs": {
                "batter": 0,
                "extras": 0,
                "total": 0
              }
            }
          ]
        },
        {
          "over": 9,
          "deliveries": [
            {
              "batter": "RG Sharma",
              "bowler": "Zeeshan Ansari",
              "non_striker": "WG Jacks",
              "runs": {
                "batter": 1,
                "extras": 0,
                "total": 1
              }
            },
            {
              "batter": "WG Jacks",
              "bowler": "Zeeshan Ansari",
              "non_striker": "RG Sharma",
              "runs": {
                "batter": 0,
                "extras": 0,
                "total": 0
              },
              "wickets": [
                {
                  "player_out": "WG Jacks",
                  "fielders": [
                    {
                      "name": "A Manohar"
                    }
                  ],
                  "kind": "caught"
                }
              ]
            },
            {
              "batter": "SA Yadav",
              "bowler": "Zeeshan Ansari",
              "non_striker": "RG Sharma",
              "runs": {
                "batter": 1,
                "extras": 0,
                "total": 1
              }
            },
            {
              "batter": "RG Sharma",
              "bowler": "Zeeshan Ansari",
              "non_striker": "SA Yadav",
              "runs": {
                "batter": 0,
                "extras": 0,
                "total": 0
              }
            },
            {
              "batter": "RG Sharma",
              "bowler": "Zeeshan Ansari",
              "non_striker": "SA Yadav",
              "runs": {
                "batter": 0,
                "extras": 0,
                "total": 0
              }
            },
            {
              "batter": "RG Sharma",
              "bowler": "Zeeshan Ansari",
              "non_striker": "SA Yadav",
              "runs": {
                "batter": 1,
                "extras": 0,
                "total": 1
              }
            }
          ]
        },
        {
          "over": 10,
          "deliveries": [
            {
              "batter": "RG Sharma",
              "bowler": "PJ Cummins",
              "non_striker": "SA Yadav",
              "runs": {
                "batter": 0,
                "extras": 0,
                "total": 0
              }
            },
            {
              "batter": "RG Sharma",
              "bowler": "PJ Cummins",
              "non_striker": "SA Yadav",
              "runs": {
                "batter": 4,
                "extras": 0,
                "total": 4
              }
            },
            {
              "batter": "RG Sharma",
              "bowler": "PJ Cummins",
              "non_striker": "SA Yadav",
              "runs": {
                "batter": 1,
                "extras": 0,
                "total": 1
              }
            },
            {
              "batter": "SA Yadav",
              "bowler": "PJ Cummins",
              "non_striker": "RG Sharma",
              "runs": {
                "batter": 1,
                "extras": 0,
                "total": 1
              }
            },
            {
              "batter": "RG Sharma",
              "bowler": "PJ Cummins",
              "non_striker": "SA Yadav",
              "runs": {
                "batter": 0,
                "extras": 0,
                "total": 0
              }
            },
            {
              "batter": "RG Sharma",
              "bowler": "PJ Cummins",
              "non_striker": "SA Yadav",
              "runs": {
                "batter": 0,
                "extras": 0,
                "total": 0
              }
            }
          ]
        },
        {
          "over": 11,
          "deliveries": [
            {
              "batter": "SA Yadav",
              "bowler": "Zeeshan Ansari",
              "non_striker": "RG Sharma",
              "runs": {
                "batter": 1,
                "extras": 0,
                "total": 1
              }
            },
            {
              "batter": "RG Sharma",
              "bowler": "Zeeshan Ansari",
              "non_striker": "SA Yadav",
              "runs": {
                "batter": 4,
                "extras": 0,
                "total": 4
              }
            },
            {
              "batter": "RG Sharma",
              "bowler": "Zeeshan Ansari",
              "non_striker": "SA Yadav",
              "runs": {
                "batter": 1,
                "extras": 0,
                "total": 1
              }
            },
            {
              "batter": "SA Yadav",
              "bowler": "Zeeshan Ansari",
              "non_striker": "RG Sharma",
              "runs": {
                "batter": 4,
                "extras": 0,
                "total": 4
              }
            },
            {
              "batter": "SA Yadav",
              "bowler": "Zeeshan Ansari",
              "non_striker": "RG Sharma",
              "runs": {
                "batter": 4,
                "extras": 0,
                "total": 4
              }
            },
            {
              "batter": "SA Yadav",
              "bowler": "Zeeshan Ansari",
              "non_striker": "RG Sharma",
              "runs": {
                "batter": 1,
                "extras": 0,
                "total": 1
              }
            }
          ]
        },
        {
          "over": 12,
          "deliveries": [
            {
              "batter": "SA Yadav",
              "bowler": "E Malinga",
              "non_striker": "RG Sharma",
              "runs": {
                "batter": 4,
                "extras": 0,
                "total": 4
              }
            },
            {
              "batter": "SA Yadav",
              "bowler": "E Malinga",
              "non_striker": "RG Sharma",
              "runs": {
                "batter": 0,
                "extras": 0,
                "total": 0
              }
            },
            {
              "batter": "SA Yadav",
              "bowler": "E Malinga",
              "non_striker": "RG Sharma",
              "runs": {
                "batter": 2,
                "extras": 0,
                "total": 2
              }
            },
            {
              "batter": "SA Yadav",
              "bowler": "E Malinga",
              "non_striker": "RG Sharma",
              "runs": {
                "batter": 0,
                "extras": 0,
                "total": 0
              }
            },
            {
              "batter": "SA Yadav",
              "bowler": "E Malinga",
              "non_striker": "RG Sharma",
              "runs": {
                "batter": 0,
                "extras": 0,
                "total": 0
              }
            },
            {
              "batter": "SA Yadav",
              "bowler": "E Malinga",
              "non_striker": "RG Sharma",
              "runs": {
                "batter": 0,
                "extras": 0,
                "total": 0
              }
            }
          ]
        },
        {
          "over": 13,
          "deliveries": [
            {
              "batter": "RG Sharma",
              "bowler": "HV Patel",
              "non_striker": "SA Yadav",
              "runs": {
                "batter": 4,
                "extras": 0,
                "total": 4
              }
            },
            {
              "batter": "RG Sharma",
              "bowler": "HV Patel",
              "non_striker": "SA Yadav",
              "runs": {
                "batter": 1,
                "extras": 0,
                "total": 1
              }
            },
            {
              "batter": "SA Yadav",
              "bowler": "HV Patel",
              "non_striker": "RG Sharma",
              "runs": {
                "batter": 1,
                "extras": 0,
                "total": 1
              }
            },
            {
              "batter": "RG Sharma",
              "bowler": "HV Patel",
              "non_striker": "SA Yadav",
              "runs": {
                "batter": 4,
                "extras": 0,
                "total": 4
              }
            },
            {
              "batter": "RG Sharma",
              "bowler": "HV Patel",
              "non_striker": "SA Yadav",
              "runs": {
                "batter": 4,
                "extras": 0,
                "total": 4
              }
            },
            {
              "batter": "RG Sharma",
              "bowler": "HV Patel",
              "non_striker": "SA Yadav",
              "runs": {
                "batter": 1,
                "extras": 0,
                "total": 1
              }
            }
          ]
        },
        {
          "over": 14,
          "deliveries": [
            {
              "batter": "RG Sharma",
              "bowler": "E Malinga",
              "non_striker": "SA Yadav",
              "runs": {
                "batter": 1,
                "extras": 0,
                "total": 1
              }
            },
            {
              "batter": "SA Yadav",
              "bowler": "E Malinga",
              "extras": {
                "wides": 1
              },
              "non_striker": "RG Sharma",
              "runs": {
                "batter": 0,
                "extras": 1,
                "total": 1
              }
            },
            {
              "batter": "SA Yadav",
              "bowler": "E Malinga",
              "non_striker": "RG Sharma",
              "runs": {
                "batter": 6,
                "extras": 0,
                "total": 6
              }
            },
            {
              "batter": "SA Yadav",
              "bowler": "E Malinga",
              "non_striker": "RG Sharma",
              "runs": {
                "batter": 1,
                "extras": 0,
                "total": 1
              }
            },
            {
              "batter": "RG Sharma",
              "bowler": "E Malinga",
              "non_striker": "SA Yadav",
              "runs": {
                "batter": 0,
                "extras": 0,
                "total": 0
              },
              "wickets": [
                {
                  "player_out": "RG Sharma",
                  "fielders": [
                    {
                      "name": "Abhishek Sharma"
                    }
                  ],
                  "kind": "caught"
                }
              ]
            },
            {
              "batter": "Tilak Varma",
              "bowler": "E Malinga",
              "non_striker": "SA Yadav",
              "runs": {
                "batter": 1,
                "extras": 0,
                "total": 1
              }
            },
            {
              "batter": "SA Yadav",
              "bowler": "E Malinga",
              "non_striker": "Tilak Varma",
              "runs": {
                "batter": 6,
                "extras": 0,
                "total": 6
              }
            }
          ]
        },
        {
          "over": 15,
          "deliveries": [
            {
              "batter": "Tilak Varma",
              "bowler": "Zeeshan Ansari",
              "non_striker": "SA Yadav",
              "runs": {
                "batter": 1,
                "extras": 0,
                "total": 1
              }
            },
            {
              "batter": "SA Yadav",
              "bowler": "Zeeshan Ansari",
              "non_striker": "Tilak Varma",
              "runs": {
                "batter": 4,
                "extras": 0,
                "total": 4
              }
            },
            {
              "batter": "SA Yadav",
              "bowler": "Zeeshan Ansari",
              "non_striker": "Tilak Varma",
              "runs": {
                "batter": 0,
                "extras": 0,
                "total": 0
              }
            },
            {
              "batter": "SA Yadav",
              "bowler": "Zeeshan Ansari",
              "non_striker": "Tilak Varma",
              "runs": {
                "batter": 4,
                "extras": 0,
                "total": 4
              }
            }
          ]
        }
      ],
      "powerplays": [
        {
          "from": 0.1,
          "to": 5.6,
          "type": "mandatory"
        }
      ],
      "target": {
        "overs": 20,
        "runs": 144
      }
    }
  ]
}