{
  "meta": {
    "data_version": "1.0.0",
    "created": "2016-04-25",
    "revision": 1
  },
  "info": {
    "balls_per_over": 6,
    "city": "Chandigarh",
    "dates": [
      "2016-04-25"
    ],
    "event": {
      "match_number": 21,
      "name": "Indian Premier League"
    },
    "gender": "male",
    "match_type": "T20",
    "officials": {
      "match_referees": [
        "RS Madugalle"
      ],
      "reserve_umpires": [
        "Navdeep Singh"
      ],
      "tv_umpires": [
        "C Shamshuddin"
      ],
      "umpires": [
        "Nitin Menon",
        "RJ Tucker"
      ]
    },
    "outcome": {
      "by": {
        "runs": 25
      },
      "winner": "Mumbai Indians"
    },
    "overs": 20,
    "player_of_match": [
      "PA Patel"
    ],
    "players": {
      "Kings XI Punjab": [
        "M Vijay",
        "M Vohra",
        "SE Marsh",
        "GJ Maxwell",
        "DA Miller",
        "NS Naik",
        "AR Patel",
        "MG Johnson",
        "MM Sharma",
        "P Sahu",
        "Sandeep Sharma"
      ],
      "Mumbai Indians": [
        "RG Sharma",
        "PA Patel",
        "AT Rayudu",
        "JC Buttler",
        "KA Pollard",
        "HH Pandya",
        "KH Pandya",
        "Harbhajan Singh",
        "TG Southee",
        "MJ McClenaghan",
        "JJ Bumrah"
      ]
    },
    "registry": {
      "people": {
        "AR Patel": "2e171977",
        "AT Rayudu": "70d205c9",
        "C Shamshuddin": "0f9d921b",
        "DA Miller": "d67d5f00",
        "GJ Maxwell": "b681e71e",
        "HH Pandya": "dbe50b21",
        "Harbhajan Singh": "8b5b6769",
        "JC Buttler": "99b75528",
        "JJ Bumrah": "462411b3",
        "KA Pollard": "a757b0d8",
        "KH Pandya": "5b8c830e",
        "M Vijay": "4b57e452",
        "M Vohra": "c03e2850",
        "MG Johnson": "f5180fe6",
        "MJ McClenaghan": "51a3c5ef",
        "MM Sharma": "759ac88f",
        "NS Naik": "aedc3b7c",
        "Navdeep Singh": "a3e3d8a4",
        "Nitin Menon": "e1d41d9e",
        "P Sahu": "9a0146b3",
        "PA Patel": "b5da6c24",
        "RG Sharma": "740742ef",
        "RJ Tucker": "38810cfc",
        "RS Madugalle": "766b5798",
        "SE Marsh": "508a1ea7",
        "Sandeep Sharma": "ce820073",
        "TG Southee": "13c35c9e"
      }
    },
    "season": 2016,
    "team_type": "club",
    "teams": [
      "Kings XI Punjab",
      "Mumbai Indians"
    ],
    "toss": {
      "decision": "field",
      "winner": "Kings XI Punjab"
    },
    "venue": "Punjab Cricket Association IS Bindra Stadium, Mohali"
  },
  "innings": [
    {
      "team": "Mumbai Indians",
      "overs": [
        {
          "over": 0,
          "deliveries": [
            {
              "batter": "RG Sharma",
              "bowler": "Sandeep Sharma",
              "non_striker": "PA Patel",
              "runs": {
                "batter": 0,
                "extras": 0,
                "total": 0
              }
            },
            {
              "batter": "RG Sharma",
              "bowler": "Sandeep Sharma",
              "non_striker": "PA Patel",
              "runs": {
                "batter": 0,
                "extras": 0,
                "total": 0
              },
              "wickets": [
                {
                  "kind": "caught",
                  "player_out": "RG Sharma",
                  "fielders": [
                    {
                      "name": "NS Naik"
                    }
                  ]
                }
              ]
            },
            {
              "batter": "AT Rayudu",
              "bowler": "Sandeep Sharma",
              "non_striker": "PA Patel",
              "runs": {
                "batter": 1,
                "extras": 0,
                "total": 1
              }
            },
            {
              "batter": "PA Patel",
              "bowler": "Sandeep Sharma",
              "non_striker": "AT Rayudu",
              "runs": {
                "batter": 0,
                "extras": 0,
                "total": 0
              }
            },
            {
              "batter": "PA Patel",
              "bowler": "Sandeep Sharma",
              "non_striker": "AT Rayudu",
              "runs": {
                "batter": 0,
                "extras": 0,
                "total": 0
              }
            },
            {
              "batter": "PA Patel",
              "bowler": "Sandeep Sharma",
              "non_striker": "AT Rayudu",
              "runs": {
                "batter": 1,
                "extras": 0,
                "total": 1
              }
            }
          ]
        },
        {
          "over": 1,
          "deliveries": [
            {
              "batter": "PA Patel",
              "bowler": "MG Johnson",
              "non_striker": "AT Rayudu",
              "runs": {
                "batter": 0,
                "extras": 0,
                "total": 0
              }
            },
            {
              "batter": "PA Patel",
              "bowler": "MG Johnson",
              "non_striker": "AT Rayudu",
              "runs": {
                "batter": 4,
                "extras": 0,
                "total": 4
              }
            },
            {
              "batter": "PA Patel",
              "bowler": "MG Johnson",
              "non_striker": "AT Rayudu",
              "runs": {
                "batter": 4,
                "extras": 0,
                "total": 4
              }
            },
            {
              "batter": "PA Patel",
              "bowler": "MG Johnson",
              "non_striker": "AT Rayudu",
              "runs": {
                "batter": 1,
                "extras": 0,
                "total": 1
              }
            },
            {
              "batter": "AT Rayudu",
              "bowler": "MG Johnson",
              "non_striker": "PA Patel",
              "runs": {
                "batter": 0,
                "extras": 0,
                "total": 0
              }
            },
            {
              "batter": "AT Rayudu",
              "bowler": "MG Johnson",
              "non_striker": "PA Patel",
              "runs": {
                "batter": 0,
                "extras": 0,
                "total": 0
              }
            }
          ]
        },
        {
          "over": 2,
          "deliveries": [
            {
              "batter": "PA Patel",
              "bowler": "Sandeep Sharma",
              "non_striker": "AT Rayudu",
              "runs": {
                "batter": 0,
                "extras": 0,
                "total": 0
              }
            },
            {
              "batter": "PA Patel",
              "bowler": "Sandeep Sharma",
              "non_striker": "AT Rayudu",
              "runs": {
                "batter": 0,
                "extras": 0,
                "total": 0
              }
            },
            {
              "batter": "PA Patel",
              "bowler": "Sandeep Sharma",
              "non_striker": "AT Rayudu",
              "runs": {
                "batter": 0,
                "extras": 0,
                "total": 0
              }
            },
            {
              "batter": "PA Patel",
              "bowler": "Sandeep Sharma",
              "non_striker": "AT Rayudu",
              "runs": {
                "batter": 2,
                "extras": 0,
                "total": 2
              }
            },
            {
              "batter": "PA Patel",
              "bowler": "Sandeep Sharma",
              "non_striker": "AT Rayudu",
              "runs": {
                "batter": 0,
                "extras": 0,
                "total": 0
              }
            },
            {
              "batter": "PA Patel",
              "bowler": "Sandeep Sharma",
              "non_striker": "AT Rayudu",
              "runs": {
                "batter": 0,
                "extras": 0,
                "total": 0
              }
            }
          ]
        },
        {
          "over": 3,
          "deliveries": [
            {
              "batter": "AT Rayudu",
              "bowler": "AR Patel",
              "non_striker": "PA Patel",
              "runs": {
                "batter": 1,
                "extras": 0,
                "total": 1
              }
            },
            {
              "batter": "PA Patel",
              "bowler": "AR Patel",
              "non_striker": "AT Rayudu",
              "runs": {
                "batter": 1,
                "extras": 0,
                "total": 1
              }
            },
            {
              "batter": "AT Rayudu",
              "bowler": "AR Patel",
              "non_striker": "PA Patel",
              "runs": {
                "batter": 1,
                "extras": 0,
                "total": 1
              }
            },
            {
              "batter": "PA Patel",
              "bowler": "AR Patel",
              "non_striker": "AT Rayudu",
              "runs": {
                "batter": 0,
                "extras": 0,
                "total": 0
              }
            },
            {
              "batter": "PA Patel",
              "bowler": "AR Patel",
              "non_striker": "AT Rayudu",
              "runs": {
                "batter": 1,
                "extras": 0,
                "total": 1
              }
            },
            {
              "batter": "AT Rayudu",
              "bowler": "AR Patel",
              "non_striker": "PA Patel",
              "runs": {
                "batter": 1,
                "extras": 0,
                "total": 1
              }
            }
          ]
        },
        {
          "over": 4,
          "deliveries": [
            {
              "batter": "AT Rayudu",
              "bowler": "Sandeep Sharma",
              "non_striker": "PA Patel",
              "runs": {
                "batter": 1,
                "extras": 0,
                "total": 1
              }
            },
            {
              "batter": "PA Patel",
              "bowler": "Sandeep Sharma",
              "non_striker": "AT Rayudu",
              "runs": {
                "batter": 0,
                "extras": 0,
                "total": 0
              }
            },
            {
              "batter": "PA Patel",
              "bowler": "Sandeep Sharma",
              "non_striker": "AT Rayudu",
              "runs": {
                "batter": 0,
                "extras": 0,
                "total": 0
              }
            },
            {
              "batter": "PA Patel",
              "bowler": "Sandeep Sharma",
              "non_striker": "AT Rayudu",
              "runs": {
                "batter": 1,
                "extras": 0,
                "total": 1
              }
            },
            {
              "batter": "AT Rayudu",
              "bowler": "Sandeep Sharma",
              "non_striker": "PA Patel",
              "runs": {
                "batter": 4,
                "extras": 0,
                "total": 4
              }
            },
            {
              "batter": "AT Rayudu",
              "bowler": "Sandeep Sharma",
              "non_striker": "PA Patel",
              "runs": {
                "batter": 1,
                "extras": 0,
                "total": 1
              }
            }
          ]
        },
        {
          "over": 5,
          "deliveries": [
            {
              "batter": "AT Rayudu",
              "bowler": "MG Johnson",
              "non_striker": "PA Patel",
              "runs": {
                "batter": 4,
                "extras": 0,
                "total": 4
              }
            },
            {
              "batter": "AT Rayudu",
              "bowler": "MG Johnson",
              "non_striker": "PA Patel",
              "runs": {
                "batter": 1,
                "extras": 0,
                "total": 1
              }
            },
            {
              "batter": "PA Patel",
              "bowler": "MG Johnson",
              "extras": {
                "noballs": 1
              },
              "non_striker": "AT Rayudu",
              "runs": {
                "batter": 0,
                "extras": 1,
                "total": 1
              }
            },
            {
              "batter": "PA Patel",
              "bowler": "MG Johnson",
              "non_striker": "AT Rayudu",
              "runs": {
                "batter": 0,
                "extras": 0,
                "total": 0
              }
            },
            {
              "batter": "PA Patel",
              "bowler": "MG Johnson",
              "non_striker": "AT Rayudu",
              "runs": {
                "batter": 4,
                "extras": 0,
                "total": 4
              }
            },
            {
              "batter": "PA Patel",
              "bowler": "MG Johnson",
              "non_striker": "AT Rayudu",
              "runs": {
                "batter": 4,
                "extras": 0,
                "total": 4
              }
            },
            {
              "batter": "PA Patel",
              "bowler": "MG Johnson",
              "non_striker": "AT Rayudu",
              "runs": {
                "batter": 0,
                "extras": 0,
                "total": 0
              }
            }
          ]
        },
        {
          "over": 6,
          "deliveries": [
            {
              "batter": "AT Rayudu",
              "bowler": "MM Sharma",
              "non_striker": "PA Patel",
              "runs": {
                "batter": 1,
                "extras": 0,
                "total": 1
              }
            },
            {
              "batter": "PA Patel",
              "bowler": "MM Sharma",
              "non_striker": "AT Rayudu",
              "runs": {
                "batter": 1,
                "extras": 0,
                "total": 1
              }
            },
            {
              "batter": "AT Rayudu",
              "bowler": "MM Sharma",
              "non_striker": "PA Patel",
              "runs": {
                "batter": 1,
                "extras": 0,
                "total": 1
              }
            },
            {
              "batter": "PA Patel",
              "bowler": "MM Sharma",
              "non_striker": "AT Rayudu",
              "runs": {
                "batter": 4,
                "extras": 0,
                "total": 4
              }
            },
            {
              "batter": "PA Patel",
              "bowler": "MM Sharma",
              "extras": {
                "wides": 1
              },
              "non_striker": "AT Rayudu",
              "runs": {
                "batter": 0,
                "extras": 1,
                "total": 1
              }
            },
            {
              "batter": "PA Patel",
              "bowler": "MM Sharma",
              "non_striker": "AT Rayudu",
              "runs": {
                "batter": 1,
                "extras": 0,
                "total": 1
              }
            },
            {
              "batter": "AT Rayudu",
              "bowler": "MM Sharma",
              "non_striker": "PA Patel",
              "runs": {
                "batter": 1,
                "extras": 0,
                "total": 1
              }
            }
          ]
        },
        {
          "over": 7,
          "deliveries": [
            {
              "batter": "AT Rayudu",
              "bowler": "GJ Maxwell",
              "non_striker": "PA Patel",
              "runs": {
                "batter": 1,
                "extras": 0,
                "total": 1
              }
            },
            {
              "batter": "PA Patel",
              "bowler": "GJ Maxwell",
              "non_striker": "AT Rayudu",
              "runs": {
                "batter": 1,
                "extras": 0,
                "total": 1
              }
            },
            {
              "batter": "AT Rayudu",
              "bowler": "GJ Maxwell",
              "non_striker": "PA Patel",
              "runs": {
                "batter": 0,
                "extras": 0,
                "total": 0
              }
            },
            {
              "batter": "AT Rayudu",
              "bowler": "GJ Maxwell",
              "non_striker": "PA Patel",
              "runs": {
                "batter": 6,
                "extras": 0,
                "total": 6
              }
            },
            {
              "batter": "AT Rayudu",
              "bowler": "GJ Maxwell",
              "non_striker": "PA Patel",
              "runs": {
                "batter": 2,
                "extras": 0,
                "total": 2
              }
            },
            {
              "batter": "AT Rayudu",
              "bowler": "GJ Maxwell",
              "non_striker": "PA Patel",
              "runs": {
                "batter": 1,
                "extras": 0,
                "total": 1
              }
            }
          ]
        },
        {
          "over": 8,
          "deliveries": [
            {
              "batter": "AT Rayudu",
              "bowler": "P Sahu",
              "non_striker": "PA Patel",
              "runs": {
                "batter": 1,
                "extras": 0,
                "total": 1
              }
            },
            {
              "batter": "PA Patel",
              "bowler": "P Sahu",
              "non_striker": "AT Rayudu",
              "runs": {
                "batter": 1,
                "extras": 0,
                "total": 1
              }
            },
            {
              "batter": "AT Rayudu",
              "bowler": "P Sahu",
              "non_striker": "PA Patel",
              "runs": {
                "batter": 4,
                "extras": 0,
                "total": 4
              }
            },
            {
              "batter": "AT Rayudu",
              "bowler": "P Sahu",
              "non_striker": "PA Patel",
              "runs": {
                "batter": 1,
                "extras": 0,
                "total": 1
              }
            },
            {
              "batter": "PA Patel",
              "bowler": "P Sahu",
              "non_striker": "AT Rayudu",
              "runs": {
                "batter": 1,
                "extras": 0,
                "total": 1
              }
            },
            {
              "batter": "AT Rayudu",
              "bowler": "P Sahu",
              "non_striker": "PA Patel",
              "runs": {
                "batter": 1,
                "extras": 0,
                "total": 1
              }
            }
          ]
        },
        {
          "over": 9,
          "deliveries": [
            {
              "batter": "AT Rayudu",
              "bowler": "AR Patel",
              "non_striker": "PA Patel",
              "runs": {
                "batter": 1,
                "extras": 0,
                "total": 1
              }
            },
            {
              "batter": "PA Patel",
              "bowler": "AR Patel",
              "non_striker": "AT Rayudu",
              "runs": {
                "batter": 0,
                "extras": 0,
                "total": 0
              }
            },
            {
              "batter": "PA Patel",
              "bowler": "AR Patel",
              "non_striker": "AT Rayudu",
              "runs": {
                "batter": 1,
                "extras": 0,
                "total": 1
              }
            },
            {
              "batter": "AT Rayudu",
              "bowler": "AR Patel",
              "non_striker": "PA Patel",
              "runs": {
                "batter": 1,
                "extras": 0,
                "total": 1
              }
            },
            {
              "batter": "PA Patel",
              "bowler": "AR Patel",
              "non_striker": "AT Rayudu",
              "runs": {
                "batter": 4,
                "extras": 0,
                "total": 4
              }
            },
            {
              "batter": "PA Patel",
              "bowler": "AR Patel",
              "non_striker": "AT Rayudu",
              "runs": {
                "batter": 1,
                "extras": 0,
                "total": 1
              }
            }
          ]
        },
        {
          "over": 10,
          "deliveries": [
            {
              "batter": "PA Patel",
              "bowler": "P Sahu",
              "non_striker": "AT Rayudu",
              "runs": {
                "batter": 1,
                "extras": 0,
                "total": 1
              }
            },
            {
              "batter": "AT Rayudu",
              "bowler": "P Sahu",
              "non_striker": "PA Patel",
              "runs": {
                "batter": 0,
                "extras": 0,
                "total": 0
              }
            },
            {
              "batter": "AT Rayudu",
              "bowler": "P Sahu",
              "non_striker": "PA Patel",
              "runs": {
                "batter": 1,
                "extras": 0,
                "total": 1
              }
            },
            {
              "batter": "PA Patel",
              "bowler": "P Sahu",
              "non_striker": "AT Rayudu",
              "runs": {
                "batter": 1,
                "extras": 0,
                "total": 1
              }
            },
            {
              "batter": "AT Rayudu",
              "bowler": "P Sahu",
              "non_striker": "PA Patel",
              "runs": {
                "batter": 1,
                "extras": 0,
                "total": 1
              }
            },
            {
              "batter": "PA Patel",
              "bowler": "P Sahu",
              "non_striker": "AT Rayudu",
              "runs": {
                "batter": 6,
                "extras": 0,
                "total": 6
              }
            }
          ]
        },
        {
          "over": 11,
          "deliveries": [
            {
              "batter": "AT Rayudu",
              "bowler": "AR Patel",
              "non_striker": "PA Patel",
              "runs": {
                "batter": 6,
                "extras": 0,
                "total": 6
              }
            },
            {
              "batter": "AT Rayudu",
              "bowler": "AR Patel",
              "non_striker": "PA Patel",
              "runs": {
                "batter": 4,
                "extras": 0,
                "total": 4
              }
            },
            {
              "batter": "AT Rayudu",
              "bowler": "AR Patel",
              "non_striker": "PA Patel",
              "runs": {
                "batter": 1,
                "extras": 0,
                "total": 1
              }
            },
            {
              "batter": "PA Patel",
              "bowler": "AR Patel",
              "extras": {
                "legbyes": 1
              },
              "non_striker": "AT Rayudu",
              "runs": {
                "batter": 0,
                "extras": 1,
                "total": 1
              }
            },
            {
              "batter": "AT Rayudu",
              "bowler": "AR Patel",
              "non_striker": "PA Patel",
              "runs": {
                "batter": 1,
                "extras": 0,
                "total": 1
              }
            },
            {
              "batter": "PA Patel",
              "bowler": "AR Patel",
              "non_striker": "AT Rayudu",
              "runs": {
                "batter": 1,
                "extras": 0,
                "total": 1
              }
            }
          ]
        },
        {
          "over": 12,
          "deliveries": [
            {
              "batter": "PA Patel",
              "bowler": "MM Sharma",
              "non_striker": "AT Rayudu",
              "runs": {
                "batter": 2,
                "extras": 0,
                "total": 2
              }
            },
            {
              "batter": "PA Patel",
              "bowler": "MM Sharma",
              "non_striker": "AT Rayudu",
              "runs": {
                "batter": 1,
                "extras": 0,
                "total": 1
              }
            },
            {
              "batter": "AT Rayudu",
              "bowler": "MM Sharma",
              "non_striker": "PA Patel",
              "runs": {
                "batter": 1,
                "extras": 0,
                "total": 1
              }
            },
            {
              "batter": "PA Patel",
              "bowler": "MM Sharma",
              "non_striker": "AT Rayudu",
              "runs": {
                "batter": 0,
                "extras": 0,
                "total": 0
              }
            },
            {
              "batter": "PA Patel",
              "bowler": "MM Sharma",
              "extras": {
                "wides": 1
              },
              "non_striker": "AT Rayudu",
              "runs": {
                "batter": 0,
                "extras": 1,
                "total": 1
              }
            },
            {
              "batter": "PA Patel",
              "bowler": "MM Sharma",
              "non_striker": "AT Rayudu",
              "runs": {
                "batter": 4,
                "extras": 0,
                "total": 4
              }
            },
            {
              "batter": "PA Patel",
              "bowler": "MM Sharma",
              "non_striker": "AT Rayudu",
              "runs": {
                "batter": 4,
                "extras": 0,
                "total": 4
              }
            }
          ]
        },
        {
          "over": 13,
          "deliveries": [
            {
              "batter": "AT Rayudu",
              "bowler": "MG Johnson",
              "non_striker": "PA Patel",
              "runs": {
                "batter": 1,
                "extras": 0,
                "total": 1
              }
            },
            {
              "batter": "PA Patel",
              "bowler": "MG Johnson",
              "non_striker": "AT Rayudu",
              "runs": {
                "batter": 4,
                "extras": 0,
                "total": 4
              }
            },
            {
              "batter": "PA Patel",
              "bowler": "MG Johnson",
              "non_striker": "AT Rayudu",
              "runs": {
                "batter": 0,
                "extras": 0,
                "total": 0
              }
            },
            {
              "batter": "PA Patel",
              "bowler": "MG Johnson",
              "non_striker": "AT Rayudu",
              "runs": {
                "batter": 4,
                "extras": 0,
                "total": 4
              }
            },
            {
              "batter": "PA Patel",
              "bowler": "MG Johnson",
              "non_striker": "AT Rayudu",
              "runs": {
                "batter": 2,
                "extras": 0,
                "total": 2
              }
            },
            {
              "batter": "PA Patel",
              "bowler": "MG Johnson",
              "non_striker": "AT Rayudu",
              "runs": {
                "batter": 0,
                "extras": 0,
                "total": 0
              }
            }
          ]
        },
        {
          "over": 14,
          "deliveries": [
            {
              "batter": "AT Rayudu",
              "bowler": "AR Patel",
              "non_striker": "PA Patel",
              "runs": {
                "batter": 6,
                "extras": 0,
                "total": 6
              }
            },
            {
              "batter": "AT Rayudu",
              "bowler": "AR Patel",
              "non_striker": "PA Patel",
              "runs": {
                "batter": 6,
                "extras": 0,
                "total": 6
              }
            },
            {
              "batter": "AT Rayudu",
              "bowler": "AR Patel",
              "non_striker": "PA Patel",
              "runs": {
                "batter": 0,
                "extras": 0,
                "total": 0
              },
              "wickets": [
                {
                  "kind": "caught",
                  "player_out": "AT Rayudu",
                  "fielders": [
                    {
                      "name": "M Vohra"
                    }
                  ]
                }
              ]
            },
            {
              "batter": "PA Patel",
              "bowler": "AR Patel",
              "non_striker": "JC Buttler",
              "runs": {
                "batter": 1,
                "extras": 0,
                "total": 1
              }
            },
            {
              "batter": "JC Buttler",
              "bowler": "AR Patel",
              "non_striker": "PA Patel",
              "runs": {
                "batter": 1,
                "extras": 0,
                "total": 1
              }
            },
            {
              "batter": "PA Patel",
              "bowler": "AR Patel",
              "non_striker": "JC Buttler",
              "runs": {
                "batter": 1,
                "extras": 0,
                "total": 1
              }
            }
          ]
        },
        {
          "over": 15,
          "deliveries": [
            {
              "batter": "PA Patel",
              "bowler": "P Sahu",
              "non_striker": "JC Buttler",
              "runs": {
                "batter": 6,
                "extras": 0,
                "total": 6
              }
            },
            {
              "batter": "PA Patel",
              "bowler": "P Sahu",
              "non_striker": "JC Buttler",
              "runs": {
                "batter": 1,
                "extras": 0,
                "total": 1
              }
            },
            {
              "batter": "JC Buttler",
              "bowler": "P Sahu",
              "non_striker": "PA Patel",
              "runs": {
                "batter": 6,
                "extras": 0,
                "total": 6
              }
            },
            {
              "batter": "JC Buttler",
              "bowler": "P Sahu",
              "non_striker": "PA Patel",
              "runs": {
                "batter": 1,
                "extras": 0,
                "total": 1
              }
            },
            {
              "batter": "PA Patel",
              "bowler": "P Sahu",
              "non_striker": "JC Buttler",
              "runs": {
                "batter": 1,
                "extras": 0,
                "total": 1
              }
            },
            {
              "batter": "JC Buttler",
              "bowler": "P Sahu",
              "non_striker": "PA Patel",
              "runs": {
                "batter": 1,
                "extras": 0,
                "total": 1
              }
            }
          ]
        },
        {
          "over": 16,
          "deliveries": [
            {
              "batter": "JC Buttler",
              "bowler": "Sandeep Sharma",
              "non_striker": "PA Patel",
              "runs": {
                "batter": 0,
                "extras": 0,
                "total": 0
              }
            },
            {
              "batter": "JC Buttler",
              "bowler": "Sandeep Sharma",
              "non_striker": "PA Patel",
              "runs": {
                "batter": 4,
                "extras": 0,
                "total": 4
              }
            },
            {
              "batter": "JC Buttler",
              "bowler": "Sandeep Sharma",
              "non_striker": "PA Patel",
              "runs": {
                "batter": 0,
                "extras": 0,
                "total": 0
              }
            },
            {
              "batter": "JC Buttler",
              "bowler": "Sandeep Sharma",
              "extras": {
                "wides": 1
              },
              "non_striker": "PA Patel",
              "runs": {
                "batter": 0,
                "extras": 1,
                "total": 1
              }
            },
            {
              "batter": "JC Buttler",
              "bowler": "Sandeep Sharma",
              "non_striker": "PA Patel",
              "runs": {
                "batter": 1,
                "extras": 0,
                "total": 1
              }
            },
            {
              "batter": "PA Patel",
              "bowler": "Sandeep Sharma",
              "non_striker": "JC Buttler",
              "runs": {
                "batter": 1,
                "extras": 0,
                "total": 1
              }
            },
            {
              "batter": "JC Buttler",
              "bowler": "Sandeep Sharma",
              "non_striker": "PA Patel",
              "runs": {
                "batter": 2,
                "extras": 0,
                "total": 2
              }
            }
          ]
        },
        {
          "over": 17,
          "deliveries": [
            {
              "batter": "PA Patel",
              "bowler": "MM Sharma",
              "non_striker": "JC Buttler",
              "runs": {
                "batter": 1,
                "extras": 0,
                "total": 1
              }
            },
            {
              "batter": "JC Buttler",
              "bowler": "MM Sharma",
              "non_striker": "PA Patel",
              "runs": {
                "batter": 4,
                "extras": 0,
                "total": 4
              }
            },
            {
              "batter": "JC Buttler",
              "bowler": "MM Sharma",
              "non_striker": "PA Patel",
              "runs": {
                "batter": 4,
                "extras": 0,
                "total": 4
              }
            },
            {
              "batter": "JC Buttler",
              "bowler": "MM Sharma",
              "non_striker": "PA Patel",
              "runs": {
                "batter": 0,
                "extras": 0,
                "total": 0
              }
            },
            {
              "batter": "JC Buttler",
              "bowler": "MM Sharma",
              "non_striker": "PA Patel",
              "runs": {
                "batter": 0,
                "extras": 0,
                "total": 0
              },
              "wickets": [
                {
                  "kind": "bowled",
                  "player_out": "JC Buttler"
                }
              ]
            },
            {
              "batter": "KA Pollard",
              "bowler": "MM Sharma",
              "non_striker": "PA Patel",
              "runs": {
                "batter": 2,
                "extras": 0,
                "total": 2
              }
            }
          ]
        },
        {
          "over": 18,
          "deliveries": [
            {
              "batter": "PA Patel",
              "bowler": "MG Johnson",
              "non_striker": "KA Pollard",
              "runs": {
                "batter": 1,
                "extras": 0,
                "total": 1
              }
            },
            {
              "batter": "KA Pollard",
              "bowler": "MG Johnson",
              "non_striker": "PA Patel",
              "runs": {
                "batter": 2,
                "extras": 0,
                "total": 2
              }
            },
            {
              "batter": "KA Pollard",
              "bowler": "MG Johnson",
              "non_striker": "PA Patel",
              "runs": {
                "batter": 1,
                "extras": 0,
                "total": 1
              }
            },
            {
              "batter": "PA Patel",
              "bowler": "MG Johnson",
              "non_striker": "KA Pollard",
              "runs": {
                "batter": 0,
                "extras": 0,
                "total": 0
              },
              "wickets": [
                {
                  "kind": "caught",
                  "player_out": "PA Patel",
                  "fielders": [
                    {
                      "name": "SE Marsh"
                    }
                  ]
                }
              ]
            },
            {
              "batter": "KA Pollard",
              "bowler": "MG Johnson",
              "non_striker": "HH Pandya",
              "runs": {
                "batter": 1,
                "extras": 0,
                "total": 1
              }
            },
            {
              "batter": "HH Pandya",
              "bowler": "MG Johnson",
              "non_striker": "KA Pollard",
              "runs": {
                "batter": 4,
                "extras": 0,
                "total": 4
              }
            }
          ]
        },
        {
          "over": 19,
          "deliveries": [
            {
              "batter": "KA Pollard",
              "bowler": "MM Sharma",
              "non_striker": "HH Pandya",
              "runs": {
                "batter": 2,
                "extras": 0,
                "total": 2
              }
            },
            {
              "batter": "KA Pollard",
              "bowler": "MM Sharma",
              "non_striker": "HH Pandya",
              "runs": {
                "batter": 2,
                "extras": 0,
                "total": 2
              }
            },
            {
              "batter": "KA Pollard",
              "bowler": "MM Sharma",
              "non_striker": "HH Pandya",
              "runs": {
                "batter": 0,
                "extras": 0,
                "total": 0
              }
            },
            {
              "batter": "KA Pollard",
              "bowler": "MM Sharma",
              "non_striker": "HH Pandya",
              "runs": {
                "batter": 0,
                "extras": 0,
                "total": 0
              }
            },
            {
              "batter": "KA Pollard",
              "bowler": "MM Sharma",
              "non_striker": "HH Pandya",
              "runs": {
                "batter": 0,
                "extras": 0,
                "total": 0
              },
              "wickets": [
                {
                  "kind": "caught",
                  "player_out": "KA Pollard",
                  "fielders": [
                    {
                      "name": "Sandeep Sharma"
                    }
                  ]
                }
              ]
            },
            {
              "batter": "HH Pandya",
              "bowler": "MM Sharma",
              "non_striker": "KH Pandya",
              "runs": {
                "batter": 0,
                "extras": 0,
                "total": 0
              },
              "wickets": [
                {
                  "kind": "caught",
                  "player_out": "HH Pandya",
                  "fielders": [
                    {
                      "name": "DA Miller"
                    }
                  ]
                }
              ]
            }
          ]
        }
      ],
      "powerplays": [
        {
          "from": 0.1,
          "to": 5.7,
          "type": "mandatory"
        }
      ]
    },
    {
      "team": "Kings XI Punjab",
      "overs": [
        {
          "over": 0,
          "deliveries": [
            {
              "batter": "M Vijay",
              "bowler": "TG Southee",
              "non_striker": "M Vohra",
              "runs": {
                "batter": 0,
                "extras": 0,
                "total": 0
              }
            },
            {
              "batter": "M Vijay",
              "bowler": "TG Southee",
              "non_striker": "M Vohra",
              "runs": {
                "batter": 0,
                "extras": 0,
                "total": 0
              }
            },
            {
              "batter": "M Vijay",
              "bowler": "TG Southee",
              "non_striker": "M Vohra",
              "runs": {
                "batter": 1,
                "extras": 0,
                "total": 1
              }
            },
            {
              "batter": "M Vohra",
              "bowler": "TG Southee",
              "non_striker": "M Vijay",
              "runs": {
                "batter": 0,
                "extras": 0,
                "total": 0
              }
            },
            {
              "batter": "M Vohra",
              "bowler": "TG Southee",
              "non_striker": "M Vijay",
              "runs": {
                "batter": 0,
                "extras": 0,
                "total": 0
              }
            },
            {
              "batter": "M Vohra",
              "bowler": "TG Southee",
              "non_striker": "M Vijay",
              "runs": {
                "batter": 0,
                "extras": 0,
                "total": 0
              }
            }
          ]
        },
        {
          "over": 1,
          "deliveries": [
            {
              "batter": "M Vijay",
              "bowler": "MJ McClenaghan",
              "non_striker": "M Vohra",
              "runs": {
                "batter": 4,
                "extras": 0,
                "total": 4
              }
            },
            {
              "batter": "M Vijay",
              "bowler": "MJ McClenaghan",
              "non_striker": "M Vohra",
              "runs": {
                "batter": 0,
                "extras": 0,
                "total": 0
              }
            },
            {
              "batter": "M Vijay",
              "bowler": "MJ McClenaghan",
              "non_striker": "M Vohra",
              "runs": {
                "batter": 0,
                "extras": 0,
                "total": 0
              }
            },
            {
              "batter": "M Vijay",
              "bowler": "MJ McClenaghan",
              "non_striker": "M Vohra",
              "runs": {
                "batter": 0,
                "extras": 0,
                "total": 0
              }
            },
            {
              "batter": "M Vijay",
              "bowler": "MJ McClenaghan",
              "non_striker": "M Vohra",
              "runs": {
                "batter": 4,
                "extras": 0,
                "total": 4
              }
            },
            {
              "batter": "M Vijay",
              "bowler": "MJ McClenaghan",
              "non_striker": "M Vohra",
              "runs": {
                "batter": 1,
                "extras": 0,
                "total": 1
              }
            }
          ]
        },
        {
          "over": 2,
          "deliveries": [
            {
              "batter": "M Vijay",
              "bowler": "TG Southee",
              "non_striker": "M Vohra",
              "runs": {
                "batter": 1,
                "extras": 0,
                "total": 1
              }
            },
            {
              "batter": "M Vohra",
              "bowler": "TG Southee",
              "non_striker": "M Vijay",
              "runs": {
                "batter": 1,
                "extras": 0,
                "total": 1
              }
            },
            {
              "batter": "M Vijay",
              "bowler": "TG Southee",
              "non_striker": "M Vohra",
              "runs": {
                "batter": 2,
                "extras": 0,
                "total": 2
              }
            },
            {
              "batter": "M Vijay",
              "bowler": "TG Southee",
              "non_striker": "M Vohra",
              "runs": {
                "batter": 6,
                "extras": 0,
                "total": 6
              }
            },
            {
              "batter": "M Vijay",
              "bowler": "TG Southee",
              "non_striker": "M Vohra",
              "runs": {
                "batter": 0,
                "extras": 0,
                "total": 0
              },
              "wickets": [
                {
                  "kind": "caught",
                  "player_out": "M Vijay",
                  "fielders": [
                    {
                      "name": "JC Buttler"
                    }
                  ]
                }
              ]
            },
            {
              "batter": "M Vohra",
              "bowler": "TG Southee",
              "non_striker": "SE Marsh",
              "runs": {
                "batter": 1,
                "extras": 0,
                "total": 1
              }
            }
          ]
        },
        {
          "over": 3,
          "deliveries": [
            {
              "batter": "M Vohra",
              "bowler": "MJ McClenaghan",
              "non_striker": "SE Marsh",
              "runs": {
                "batter": 1,
                "extras": 0,
                "total": 1
              }
            },
            {
              "batter": "SE Marsh",
              "bowler": "MJ McClenaghan",
              "non_striker": "M Vohra",
              "runs": {
                "batter": 1,
                "extras": 0,
                "total": 1
              }
            },
            {
              "batter": "M Vohra",
              "bowler": "MJ McClenaghan",
              "non_striker": "SE Marsh",
              "runs": {
                "batter": 1,
                "extras": 0,
                "total": 1
              }
            },
            {
              "batter": "SE Marsh",
              "bowler": "MJ McClenaghan",
              "non_striker": "M Vohra",
              "runs": {
                "batter": 2,
                "extras": 0,
                "total": 2
              }
            },
            {
              "batter": "SE Marsh",
              "bowler": "MJ McClenaghan",
              "non_striker": "M Vohra",
              "runs": {
                "batter": 1,
                "extras": 0,
                "total": 1
              }
            },
            {
              "batter": "M Vohra",
              "bowler": "MJ McClenaghan",
              "non_striker": "SE Marsh",
              "runs": {
                "batter": 1,
                "extras": 0,
                "total": 1
              }
            }
          ]
        },
        {
          "over": 4,
          "deliveries": [
            {
              "batter": "M Vohra",
              "bowler": "JJ Bumrah",
              "non_striker": "SE Marsh",
              "runs": {
                "batter": 1,
                "extras": 0,
                "total": 1
              }
            },
            {
              "batter": "SE Marsh",
              "bowler": "JJ Bumrah",
              "non_striker": "M Vohra",
              "runs": {
                "batter": 1,
                "extras": 0,
                "total": 1
              }
            },
            {
              "batter": "M Vohra",
              "bowler": "JJ Bumrah",
              "non_striker": "SE Marsh",
              "runs": {
                "batter": 1,
                "extras": 0,
                "total": 1
              }
            },
            {
              "batter": "SE Marsh",
              "bowler": "JJ Bumrah",
              "non_striker": "M Vohra",
              "runs": {
                "batter": 1,
                "extras": 0,
                "total": 1
              }
            },
            {
              "batter": "M Vohra",
              "bowler": "JJ Bumrah",
              "non_striker": "SE Marsh",
              "runs": {
                "batter": 0,
                "extras": 0,
                "total": 0
              },
              "wickets": [
                {
                  "kind": "caught",
                  "player_out": "M Vohra",
                  "fielders": [
                    {
                      "name": "JC Buttler"
                    }
                  ]
                }
              ]
            },
            {
              "batter": "GJ Maxwell",
              "bowler": "JJ Bumrah",
              "non_striker": "SE Marsh",
              "runs": {
                "batter": 1,
                "extras": 0,
                "total": 1
              }
            }
          ]
        },
        {
          "over": 5,
          "deliveries": [
            {
              "batter": "GJ Maxwell",
              "bowler": "TG Southee",
              "non_striker": "SE Marsh",
              "runs": {
                "batter": 0,
                "extras": 0,
                "total": 0
              }
            },
            {
              "batter": "GJ Maxwell",
              "bowler": "TG Southee",
              "non_striker": "SE Marsh",
              "runs": {
                "batter": 0,
                "extras": 0,
                "total": 0
              }
            },
            {
              "batter": "GJ Maxwell",
              "bowler": "TG Southee",
              "non_striker": "SE Marsh",
              "runs": {
                "batter": 4,
                "extras": 0,
                "total": 4
              }
            },
            {
              "batter": "GJ Maxwell",
              "bowler": "TG Southee",
              "non_striker": "SE Marsh",
              "runs": {
                "batter": 2,
                "extras": 0,
                "total": 2
              }
            },
            {
              "batter": "GJ Maxwell",
              "bowler": "TG Southee",
              "non_striker": "SE Marsh",
              "runs": {
                "batter": 1,
                "extras": 0,
                "total": 1
              }
            },
            {
              "batter": "SE Marsh",
              "bowler": "TG Southee",
              "non_striker": "GJ Maxwell",
              "runs": {
                "batter": 0,
                "extras": 0,
                "total": 0
              }
            }
          ]
        },
        {
          "over": 6,
          "deliveries": [
            {
              "batter": "GJ Maxwell",
              "bowler": "KH Pandya",
              "non_striker": "SE Marsh",
              "runs": {
                "batter": 0,
                "extras": 0,
                "total": 0
              }
            },
            {
              "batter": "GJ Maxwell",
              "bowler": "KH Pandya",
              "non_striker": "SE Marsh",
              "runs": {
                "batter": 2,
                "extras": 0,
                "total": 2
              }
            },
            {
              "batter": "GJ Maxwell",
              "bowler": "KH Pandya",
              "extras": {
                "legbyes": 1
              },
              "non_striker": "SE Marsh",
              "runs": {
                "batter": 0,
                "extras": 1,
                "total": 1
              }
            },
            {
              "batter": "SE Marsh",
              "bowler": "KH Pandya",
              "non_striker": "GJ Maxwell",
              "runs": {
                "batter": 4,
                "extras": 0,
                "total": 4
              }
            },
            {
              "batter": "SE Marsh",
              "bowler": "KH Pandya",
              "non_striker": "GJ Maxwell",
              "runs": {
                "batter": 2,
                "extras": 0,
                "total": 2
              }
            },
            {
              "batter": "SE Marsh",
              "bowler": "KH Pandya",
              "non_striker": "GJ Maxwell",
              "runs": {
                "batter": 1,
                "extras": 0,
                "total": 1
              }
            }
          ]
        },
        {
          "over": 7,
          "deliveries": [
            {
              "batter": "SE Marsh",
              "bowler": "Harbhajan Singh",
              "non_striker": "GJ Maxwell",
              "runs": {
                "batter": 1,
                "extras": 0,
                "total": 1
              }
            },
            {
              "batter": "GJ Maxwell",
              "bowler": "Harbhajan Singh",
              "non_striker": "SE Marsh",
              "runs": {
                "batter": 1,
                "extras": 0,
                "total": 1
              }
            },
            {
              "batter": "SE Marsh",
              "bowler": "Harbhajan Singh",
              "non_striker": "GJ Maxwell",
              "runs": {
                "batter": 4,
                "extras": 0,
                "total": 4
              }
            },
            {
              "batter": "SE Marsh",
              "bowler": "Harbhajan Singh",
              "non_striker": "GJ Maxwell",
              "runs": {
                "batter": 0,
                "extras": 0,
                "total": 0
              }
            },
            {
              "batter": "SE Marsh",
              "bowler": "Harbhajan Singh",
              "non_striker": "GJ Maxwell",
              "runs": {
                "batter": 1,
                "extras": 0,
                "total": 1
              }
            },
            {
              "batter": "GJ Maxwell",
              "bowler": "Harbhajan Singh",
              "non_striker": "SE Marsh",
              "runs": {
                "batter": 0,
                "extras": 0,
                "total": 0
              }
            }
          ]
        },
        {
          "over": 8,
          "deliveries": [
            {
              "batter": "SE Marsh",
              "bowler": "KH Pandya",
              "non_striker": "GJ Maxwell",
              "runs": {
                "batter": 2,
                "extras": 0,
                "total": 2
              }
            },
            {
              "batter": "SE Marsh",
              "bowler": "KH Pandya",
              "non_striker": "GJ Maxwell",
              "runs": {
                "batter": 1,
                "extras": 0,
                "total": 1
              }
            },
            {
              "batter": "GJ Maxwell",
              "bowler": "KH Pandya",
              "non_striker": "SE Marsh",
              "runs": {
                "batter": 2,
                "extras": 0,
                "total": 2
              }
            },
            {
              "batter": "GJ Maxwell",
              "bowler": "KH Pandya",
              "non_striker": "SE Marsh",
              "runs": {
                "batter": 1,
                "extras": 0,
                "total": 1
              }
            },
            {
              "batter": "SE Marsh",
              "bowler": "KH Pandya",
              "non_striker": "GJ Maxwell",
              "runs": {
                "batter": 4,
                "extras": 0,
                "total": 4
              }
            },
            {
              "batter": "SE Marsh",
              "bowler": "KH Pandya",
              "non_striker": "GJ Maxwell",
              "runs": {
                "batter": 1,
                "extras": 0,
                "total": 1
              }
            }
          ]
        },
        {
          "over": 9,
          "deliveries": [
            {
              "batter": "SE Marsh",
              "bowler": "Harbhajan Singh",
              "non_striker": "GJ Maxwell",
              "runs": {
                "batter": 1,
                "extras": 0,
                "total": 1
              }
            },
            {
              "batter": "GJ Maxwell",
              "bowler": "Harbhajan Singh",
              "non_striker": "SE Marsh",
              "runs": {
                "batter": 0,
                "extras": 0,
                "total": 0
              }
            },
            {
              "batter": "GJ Maxwell",
              "bowler": "Harbhajan Singh",
              "non_striker": "SE Marsh",
              "runs": {
                "batter": 1,
                "extras": 0,
                "total": 1
              }
            },
            {
              "batter": "SE Marsh",
              "bowler": "Harbhajan Singh",
              "non_striker": "GJ Maxwell",
              "runs": {
                "batter": 0,
                "extras": 0,
                "total": 0
              }
            },
            {
              "batter": "SE Marsh",
              "bowler": "Harbhajan Singh",
              "non_striker": "GJ Maxwell",
              "runs": {
                "batter": 1,
                "extras": 0,
                "total": 1
              }
            },
            {
              "batter": "GJ Maxwell",
              "bowler": "Harbhajan Singh",
              "non_striker": "SE Marsh",
              "runs": {
                "batter": 4,
                "extras": 0,
                "total": 4
              }
            }
          ]
        },
        {
          "over": 10,
          "deliveries": [
            {
              "batter": "SE Marsh",
              "bowler": "KA Pollard",
              "non_striker": "GJ Maxwell",
              "runs": {
                "batter": 1,
                "extras": 0,
                "total": 1
              }
            },
            {
              "batter": "GJ Maxwell",
              "bowler": "KA Pollard",
              "non_striker": "SE Marsh",
              "runs": {
                "batter": 4,
                "extras": 0,
                "total": 4
              }
            },
            {
              "batter": "GJ Maxwell",
              "bowler": "KA Pollard",
              "non_striker": "SE Marsh",
              "runs": {
                "batter": 4,
                "extras": 0,
                "total": 4
              }
            },
            {
              "batter": "GJ Maxwell",
              "bowler": "KA Pollard",
              "non_striker": "SE Marsh",
              "runs": {
                "batter": 1,
                "extras": 0,
                "total": 1
              }
            },
            {
              "batter": "SE Marsh",
              "bowler": "KA Pollard",
              "non_striker": "GJ Maxwell",
              "runs": {
                "batter": 2,
                "extras": 0,
                "total": 2
              }
            },
            {
              "batter": "SE Marsh",
              "bowler": "KA Pollard",
              "non_striker": "GJ Maxwell",
              "runs": {
                "batter": 1,
                "extras": 0,
                "total": 1
              }
            }
          ]
        },
        {
          "over": 11,
          "deliveries": [
            {
              "batter": "SE Marsh",
              "bowler": "Harbhajan Singh",
              "non_striker": "GJ Maxwell",
              "runs": {
                "batter": 0,
                "extras": 0,
                "total": 0
              }
            },
            {
              "batter": "SE Marsh",
              "bowler": "Harbhajan Singh",
              "non_striker": "GJ Maxwell",
              "runs": {
                "batter": 0,
                "extras": 0,
                "total": 0
              }
            },
            {
              "batter": "SE Marsh",
              "bowler": "Harbhajan Singh",
              "non_striker": "GJ Maxwell",
              "runs": {
                "batter": 1,
                "extras": 0,
                "total": 1
              }
            },
            {
              "batter": "GJ Maxwell",
              "bowler": "Harbhajan Singh",
              "non_striker": "SE Marsh",
              "runs": {
                "batter": 2,
                "extras": 0,
                "total": 2
              }
            },
            {
              "batter": "GJ Maxwell",
              "bowler": "Harbhajan Singh",
              "non_striker": "SE Marsh",
              "runs": {
                "batter": 0,
                "extras": 0,
                "total": 0
              }
            },
            {
              "batter": "GJ Maxwell",
              "bowler": "Harbhajan Singh",
              "non_striker": "SE Marsh",
              "runs": {
                "batter": 4,
                "extras": 0,
                "total": 4
              }
            }
          ]
        },
        {
          "over": 12,
          "deliveries": [
            {
              "batter": "SE Marsh",
              "bowler": "JJ Bumrah",
              "extras": {
                "legbyes": 1
              },
              "non_striker": "GJ Maxwell",
              "runs": {
                "batter": 0,
                "extras": 1,
                "total": 1
              }
            },
            {
              "batter": "GJ Maxwell",
              "bowler": "JJ Bumrah",
              "non_striker": "SE Marsh",
              "runs": {
                "batter": 2,
                "extras": 0,
                "total": 2
              }
            },
            {
              "batter": "GJ Maxwell",
              "bowler": "JJ Bumrah",
              "non_striker": "SE Marsh",
              "runs": {
                "batter": 1,
                "extras": 0,
                "total": 1
              }
            },
            {
              "batter": "SE Marsh",
              "bowler": "JJ Bumrah",
              "non_striker": "GJ Maxwell",
              "runs": {
                "batter": 1,
                "extras": 0,
                "total": 1
              }
            },
            {
              "batter": "GJ Maxwell",
              "bowler": "JJ Bumrah",
              "non_striker": "SE Marsh",
              "runs": {
                "batter": 1,
                "extras": 0,
                "total": 1
              }
            },
            {
              "batter": "SE Marsh",
              "bowler": "JJ Bumrah",
              "non_striker": "GJ Maxwell",
              "runs": {
                "batter": 1,
                "extras": 0,
                "total": 1
              }
            }
          ]
        },
        {
          "over": 13,
          "deliveries": [
            {
              "batter": "SE Marsh",
              "bowler": "Harbhajan Singh",
              "non_striker": "GJ Maxwell",
              "runs": {
                "batter": 1,
                "extras": 0,
                "total": 1
              }
            },
            {
              "batter": "GJ Maxwell",
              "bowler": "Harbhajan Singh",
              "non_striker": "SE Marsh",
              "runs": {
                "batter": 0,
                "extras": 0,
                "total": 0
              }
            },
            {
              "batter": "GJ Maxwell",
              "bowler": "Harbhajan Singh",
              "non_striker": "SE Marsh",
              "runs": {
                "batter": 1,
                "extras": 0,
                "total": 1
              }
            },
            {
              "batter": "SE Marsh",
              "bowler": "Harbhajan Singh",
              "non_striker": "GJ Maxwell",
              "runs": {
                "batter": 1,
                "extras": 0,
                "total": 1
              }
            },
            {
              "batter": "GJ Maxwell",
              "bowler": "Harbhajan Singh",
              "non_striker": "SE Marsh",
              "runs": {
                "batter": 1,
                "extras": 0,
                "total": 1
              }
            },
            {
              "batter": "SE Marsh",
              "bowler": "Harbhajan Singh",
              "non_striker": "GJ Maxwell",
              "runs": {
                "batter": 6,
                "extras": 0,
                "total": 6
              }
            }
          ]
        },
        {
          "over": 14,
          "deliveries": [
            {
              "batter": "GJ Maxwell",
              "bowler": "TG Southee",
              "non_striker": "SE Marsh",
              "runs": {
                "batter": 0,
                "extras": 0,
                "total": 0
              }
            },
            {
              "batter": "GJ Maxwell",
              "bowler": "TG Southee",
              "non_striker": "SE Marsh",
              "runs": {
                "batter": 6,
                "extras": 0,
                "total": 6
              }
            },
            {
              "batter": "GJ Maxwell",
              "bowler": "TG Southee",
              "non_striker": "SE Marsh",
              "runs": {
                "batter": 1,
                "extras": 0,
                "total": 1
              }
            },
            {
              "batter": "SE Marsh",
              "bowler": "TG Southee",
              "non_striker": "GJ Maxwell",
              "runs": {
                "batter": 1,
                "extras": 0,
                "total": 1
              }
            },
            {
              "batter": "GJ Maxwell",
              "bowler": "TG Southee",
              "non_striker": "SE Marsh",
              "runs": {
                "batter": 1,
                "extras": 0,
                "total": 1
              }
            },
            {
              "batter": "SE Marsh",
              "bowler": "TG Southee",
              "non_striker": "GJ Maxwell",
              "runs": {
                "batter": 0,
                "extras": 0,
                "total": 0
              },
              "wickets": [
                {
                  "kind": "caught",
                  "player_out": "SE Marsh",
                  "fielders": [
                    {
                      "name": "AT Rayudu"
                    }
                  ]
                }
              ]
            }
          ]
        },
        {
          "over": 15,
          "deliveries": [
            {
              "batter": "GJ Maxwell",
              "bowler": "KA Pollard",
              "non_striker": "DA Miller",
              "runs": {
                "batter": 2,
                "extras": 0,
                "total": 2
              }
            },
            {
              "batter": "GJ Maxwell",
              "bowler": "KA Pollard",
              "non_striker": "DA Miller",
              "runs": {
                "batter": 1,
                "extras": 0,
                "total": 1
              }
            },
            {
              "batter": "DA Miller",
              "bowler": "KA Pollard",
              "non_striker": "GJ Maxwell",
              "runs": {
                "batter": 1,
                "extras": 0,
                "total": 1
              }
            },
            {
              "batter": "GJ Maxwell",
              "bowler": "KA Pollard",
              "non_striker": "DA Miller",
              "runs": {
                "batter": 1,
                "extras": 0,
                "total": 1
              }
            },
            {
              "batter": "DA Miller",
              "bowler": "KA Pollard",
              "non_striker": "GJ Maxwell",
              "runs": {
                "batter": 6,
                "extras": 0,
                "total": 6
              }
            },
            {
              "batter": "DA Miller",
              "bowler": "KA Pollard",
              "non_striker": "GJ Maxwell",
              "runs": {
                "batter": 1,
                "extras": 0,
                "total": 1
              }
            }
          ]
        },
        {
          "over": 16,
          "deliveries": [
            {
              "batter": "DA Miller",
              "bowler": "MJ McClenaghan",
              "non_striker": "GJ Maxwell",
              "runs": {
                "batter": 0,
                "extras": 0,
                "total": 0
              }
            },
            {
              "batter": "DA Miller",
              "bowler": "MJ McClenaghan",
              "non_striker": "GJ Maxwell",
              "runs": {
                "batter": 1,
                "extras": 0,
                "total": 1
              }
            },
            {
              "batter": "GJ Maxwell",
              "bowler": "MJ McClenaghan",
              "non_striker": "DA Miller",
              "runs": {
                "batter": 2,
                "extras": 0,
                "total": 2
              }
            },
            {
              "batter": "GJ Maxwell",
              "bowler": "MJ McClenaghan",
              "non_striker": "DA Miller",
              "runs": {
                "batter": 1,
                "extras": 0,
                "total": 1
              }
            },
            {
              "batter": "DA Miller",
              "bowler": "MJ McClenaghan",
              "non_striker": "GJ Maxwell",
              "runs": {
                "batter": 1,
                "extras": 0,
                "total": 1
              }
            },
            {
              "batter": "GJ Maxwell",
              "bowler": "MJ McClenaghan",
              "non_striker": "DA Miller",
              "runs": {
                "batter": 1,
                "extras": 0,
                "total": 1
              }
            }
          ]
        },
        {
          "over": 17,
          "deliveries": [
            {
              "batter": "GJ Maxwell",
              "bowler": "JJ Bumrah",
              "non_striker": "DA Miller",
              "runs": {
                "batter": 0,
                "extras": 0,
                "total": 0
              },
              "wickets": [
                {
                  "kind": "bowled",
                  "player_out": "GJ Maxwell"
                }
              ]
            },
            {
              "batter": "NS Naik",
              "bowler": "JJ Bumrah",
              "non_striker": "DA Miller",
              "runs": {
                "batter": 0,
                "extras": 0,
                "total": 0
              }
            },
            {
              "batter": "NS Naik",
              "bowler": "JJ Bumrah",
              "non_striker": "DA Miller",
              "runs": {
                "batter": 1,
                "extras": 0,
                "total": 1
              }
            },
            {
              "batter": "DA Miller",
              "bowler": "JJ Bumrah",
              "non_striker": "NS Naik",
              "runs": {
                "batter": 1,
                "extras": 0,
                "total": 1
              }
            },
            {
              "batter": "NS Naik",
              "bowler": "JJ Bumrah",
              "non_striker": "DA Miller",
              "runs": {
                "batter": 0,
                "extras": 0,
                "total": 0
              },
              "wickets": [
                {
                  "kind": "bowled",
                  "player_out": "NS Naik"
                }
              ]
            },
            {
              "batter": "AR Patel",
              "bowler": "JJ Bumrah",
              "non_striker": "DA Miller",
              "runs": {
                "batter": 0,
                "extras": 0,
                "total": 0
              }
            }
          ]
        },
        {
          "over": 18,
          "deliveries": [
            {
              "batter": "DA Miller",
              "bowler": "MJ McClenaghan",
              "extras": {
                "wides": 1
              },
              "non_striker": "AR Patel",
              "runs": {
                "batter": 0,
                "extras": 1,
                "total": 1
              }
            },
            {
              "batter": "DA Miller",
              "bowler": "MJ McClenaghan",
              "extras": {
                "noballs": 1
              },
              "non_striker": "AR Patel",
              "runs": {
                "batter": 4,
                "extras": 1,
                "total": 5
              }
            },
            {
              "batter": "DA Miller",
              "bowler": "MJ McClenaghan",
              "non_striker": "AR Patel",
              "runs": {
                "batter": 0,
                "extras": 0,
                "total": 0
              }
            },
            {
              "batter": "DA Miller",
              "bowler": "MJ McClenaghan",
              "extras": {
                "wides": 1
              },
              "non_striker": "AR Patel",
              "runs": {
                "batter": 0,
                "extras": 1,
                "total": 1
              }
            },
            {
              "batter": "DA Miller",
              "bowler": "MJ McClenaghan",
              "non_striker": "AR Patel",
              "runs": {
                "batter": 1,
                "extras": 0,
                "total": 1
              }
            },
            {
              "batter": "AR Patel",
              "bowler": "MJ McClenaghan",
              "non_striker": "DA Miller",
              "runs": {
                "batter": 0,
                "extras": 0,
                "total": 0
              },
              "wickets": [
                {
                  "kind": "bowled",
                  "player_out": "AR Patel"
                }
              ]
            },
            {
              "batter": "MG Johnson",
              "bowler": "MJ McClenaghan",
              "non_striker": "DA Miller",
              "runs": {
                "batter": 1,
                "extras": 0,
                "total": 1
              }
            },
            {
              "batter": "DA Miller",
              "bowler": "MJ McClenaghan",
              "non_striker": "MG Johnson",
              "runs": {
                "batter": 1,
                "extras": 0,
                "total": 1
              }
            },
            {
              "batter": "MG Johnson",
              "bowler": "MJ McClenaghan",
              "non_striker": "DA Miller",
              "runs": {
                "batter": 0,
                "extras": 0,
                "total": 0
              },
              "wickets": [
                {
                  "kind": "bowled",
                  "player_out": "MG Johnson"
                }
              ]
            }
          ]
        },
        {
          "over": 19,
          "deliveries": [
            {
              "batter": "DA Miller",
              "bowler": "JJ Bumrah",
              "non_striker": "MM Sharma",
              "runs": {
                "batter": 2,
                "extras": 0,
                "total": 2
              }
            },
            {
              "batter": "DA Miller",
              "bowler": "JJ Bumrah",
              "non_striker": "MM Sharma",
              "runs": {
                "batter": 2,
                "extras": 0,
                "total": 2
              }
            },
            {
              "batter": "DA Miller",
              "bowler": "JJ Bumrah",
              "non_striker": "MM Sharma",
              "runs": {
                "batter": 0,
                "extras": 0,
                "total": 0
              }
            },
            {
              "batter": "DA Miller",
              "bowler": "JJ Bumrah",
              "non_striker": "MM Sharma",
              "runs": {
                "batter": 6,
                "extras": 0,
                "total": 6
              }
            },
            {
              "batter": "DA Miller",
              "bowler": "JJ Bumrah",
              "non_striker": "MM Sharma",
              "runs": {
                "batter": 2,
                "extras": 0,
                "total": 2
              }
            },
            {
              "batter": "DA Miller",
              "bowler": "JJ Bumrah",
              "non_striker": "MM Sharma",
              "runs": {
                "batter": 1,
                "extras": 0,
                "total": 1
              }
            }
          ]
        }
      ],
      "powerplays": [
        {
          "from": 0.1,
          "to": 5.6,
          "type": "mandatory"
        }
      ],
      "target": {
        "overs": 20,
        "runs": 190
      }
    }
  ]
}